사업명,지원연도,지원기간,광역,기초,시장명,지원금액(단위_백만원)
글로벌명품시장(10곳 선정·지원),2015,‘15~’17,서울,중구,남대문시장,4500
글로벌명품시장(10곳 선정·지원),2015,‘15~’17,부산,중구,부산국제시장,4500
글로벌명품시장(10곳 선정·지원),2015,‘15~’17,대구,중구,대구서문시장,4500
글로벌명품시장(10곳 선정·지원),2015,‘15~’17,전북,전주시,전주남부시장,4500
글로벌명품시장(10곳 선정·지원),2015,‘15~’17,충북,청주시,청주육거리시장·성안길상점가(연합),4500
글로벌명품시장(10곳 선정·지원),2015,‘15~’17,제주,제주시,제주동문시장(연합),4500
글로벌명품시장(10곳 선정·지원),2016,‘16~’18,서울,중구,동대문시장(연합),4500
글로벌명품시장(10곳 선정·지원),2016,‘16~’18,부산,중구,자갈치시장,4500
글로벌명품시장(10곳 선정·지원),2016,‘16~’18,경기,수원시,수원남문시장(연합),4500
글로벌명품시장(10곳 선정·지원),2016,‘16~’18,경북,안동시,안동구시장(연합),4500
지역선도시장(11곳 선정·지원),2016,‘16~’18,서울,강북구,수유마을시장연합,2400
지역선도시장(11곳 선정·지원),2016,‘16~’18,인천,남구,신기시장연합,2400
지역선도시장(11곳 선정·지원),2016,‘16~’18,강원,정선,정선아리랑시장,2400
지역선도시장(11곳 선정·지원),2016,‘16~’18,제주,서귀포,서귀포매일올레시장,2400
지역선도시장(11곳 선정·지원),2017,‘17~’19,부산,북구,정이있는구포시장,2400
지역선도시장(11곳 선정·지원),2017,‘17~’19,광주,서구,양동복개상가(연합),2400
지역선도시장(11곳 선정·지원),2017,‘17~’19,경기,의정부시,의정부제일시장(연합),2400
지역선도시장(11곳 선정·지원),2017,‘17~’19,충북,충주시,충주자유무학시장(연합),2400
지역선도시장(11곳 선정·지원),2017,‘17~’19,충남,공주시,공주산성시장,2400
지역선도시장(11곳 선정·지원),2017,‘17~’19,전북,부안군,부안상설시장,2400
지역선도시장(11곳 선정·지원),2017,‘17~’19,경북,구미시,구미새마을중앙시장(연합),2400
문화관광형시장(누적 184곳 선정·지원),2014,‘14~’16,서울,성북구,돈암제일시장,1480
문화관광형시장(누적 184곳 선정·지원),2014,‘14~’16,서울,마포구,아현시장,1480
문화관광형시장(누적 184곳 선정·지원),2014,‘14~’16,부산,부산진구,골드테마거리,1520
문화관광형시장(누적 184곳 선정·지원),2014,‘14~’16,부산,금정구,서동·서동향토·서동전통골목시장,1560
문화관광형시장(누적 184곳 선정·지원),2014,‘14~’16,인천,서구,정서진중앙시장,1520
문화관광형시장(누적 184곳 선정·지원),2014,‘14~’16,인천,남구,용현시장,1520
문화관광형시장(누적 184곳 선정·지원),2014,‘14~’16,광주,광산구,송정매일·송정5일·송정역전시장 ,1540
문화관광형시장(누적 184곳 선정·지원),2014,‘14~’16,울산,중구,울산번개·야음상가시장 ,1560
문화관광형시장(누적 184곳 선정·지원),2014,‘14~’16,세종,세종시,세종전통시장,1600
문화관광형시장(누적 184곳 선정·지원),2014,‘14~’16,경기,수원시,수원영동시장,1260
문화관광형시장(누적 184곳 선정·지원),2014,‘14~’16,경기,부천시,역곡북부시장,1780
문화관광형시장(누적 184곳 선정·지원),2014,‘14~’16,강원,동해시,북평민속시장,1520
문화관광형시장(누적 184곳 선정·지원),2014,‘14~’16,강원,양양군,양양전통시장,1520
문화관광형시장(누적 184곳 선정·지원),2014,‘14~’16,충북,진천군,진천전통시장,1520
문화관광형시장(누적 184곳 선정·지원),2014,‘14~’16,충남,보령시,보령중앙시장,1700
문화관광형시장(누적 184곳 선정·지원),2014,‘14~’16,전북,완주군,고산시장,1520
문화관광형시장(누적 184곳 선정·지원),2014,‘14~’16,전북,부안군,부안상설시장,1620
문화관광형시장(누적 184곳 선정·지원),2014,‘14~’16,전남,강진군,강진읍시장,1560
문화관광형시장(누적 184곳 선정·지원),2014,‘14~’16,경북,문경시,가은아자개시장,1420
문화관광형시장(누적 184곳 선정·지원),2014,‘14~’16,경북,구미시,구미중앙시장,1620
문화관광형시장(누적 184곳 선정·지원),2014,‘14~’16,경남,남해군,남해전통시장,1160
문화관광형시장(누적 184곳 선정·지원),2014,‘14~’16,경남,창원시,상남시장,1560
문화관광형시장(누적 184곳 선정·지원),2014,‘14~’16,제주,제주시,제주중앙지하상가,1520
문화관광형시장(누적 184곳 선정·지원),2015,‘15~’17,서울,구로구,남구로시장,1540
문화관광형시장(누적 184곳 선정·지원),2015,‘15~’17,서울,중랑구,동부골목시장,1560
문화관광형시장(누적 184곳 선정·지원),2015,‘15~’17,서울,중구,중앙시장,1540
문화관광형시장(누적 184곳 선정·지원),2015,‘15~’17,부산,수영구,수영팔도상가시장,1560
문화관광형시장(누적 184곳 선정·지원),2015,‘15~’17,부산,동구,초량전통시장,1800
문화관광형시장(누적 184곳 선정·지원),2015,‘15~’17,부산,서구,충무동새벽·해안시장,1560
문화관광형시장(누적 184곳 선정·지원),2015,‘15~’17,인천,남동구,모래내시장,1480
문화관광형시장(누적 184곳 선정·지원),2015,‘15~’17,인천,부평구,부평지하도상가,1580
문화관광형시장(누적 184곳 선정·지원),2015,‘15~’17,대전,중구,은행동상점가,420
문화관광형시장(누적 184곳 선정·지원),2015,‘15~’17,대전,동구,중앙시장활성화구역,1640
문화관광형시장(누적 184곳 선정·지원),2015,‘15~’17,경기,파주시,금촌시장연합회,1780
문화관광형시장(누적 184곳 선정·지원),2015,‘15~’17,경기,오산시,오산오색시장,1640
문화관광형시장(누적 184곳 선정·지원),2015,‘15~’17,경기,용인시,용인중앙시장,1600
문화관광형시장(누적 184곳 선정·지원),2015,‘15~’17,강원,평창시,봉평시장,1520
문화관광형시장(누적 184곳 선정·지원),2015,‘15~’17,강원,원주시,원주중앙시장,1560
문화관광형시장(누적 184곳 선정·지원),2015,‘15~’17,강원,정선군,정선고한시장,1520
문화관광형시장(누적 184곳 선정·지원),2015,‘15~’17,충북,보은군,보은전통시장,1520
문화관광형시장(누적 184곳 선정·지원),2015,‘15~’17,충북,청주시,청주북부시장,1560
문화관광형시장(누적 184곳 선정·지원),2015,‘15~’17,충남,홍성군,광천전통시장,1560
문화관광형시장(누적 184곳 선정·지원),2015,‘15~’17,충남,태안군,태안특산물전통시장,1560
문화관광형시장(누적 184곳 선정·지원),2015,‘15~’17,전북,전주시,전주모래내시장,1620
문화관광형시장(누적 184곳 선정·지원),2015,‘15~’17,전북,전주시,전주신중앙시장,1560
문화관광형시장(누적 184곳 선정·지원),2015,‘15~’17,전남,순천시,순천아랫장,1560
문화관광형시장(누적 184곳 선정·지원),2015,‘15~’17,전남,구례군,지리산나들이장터,1540
문화관광형시장(누적 184곳 선정·지원),2015,‘15~’17,전남,화순군,화순읍시장,1580
문화관광형시장(누적 184곳 선정·지원),2015,‘15~’17,경북,봉화,봉화춘양시장,1560
문화관광형시장(누적 184곳 선정·지원),2015,‘15~’17,경북,청송군,청송진보시장,1560
문화관광형시장(누적 184곳 선정·지원),2015,‘15~’17,경남,창원시,창원명서시장,1640
문화관광형시장(누적 184곳 선정·지원),2015,‘15~’17,경남,통영시,통영중앙시장,1680
문화관광형시장(누적 184곳 선정·지원),2015,‘15~’17,경남,하동군,하동공설시장,1560
문화관광형시장(누적 184곳 선정·지원),2015,‘15~’17,제주,제주시,세화오일장,1560
문화관광형시장(누적 184곳 선정·지원),2015,‘15~’17,제주,제주시,칠성로상점가,1620
문화관광형시장(누적 184곳 선정·지원),2015,‘15~’17,제주,제주시,한림오일시장,1560
문화관광형시장(누적 184곳 선정·지원),2016,‘16~’18,서울,중구,신중부시장,1700
문화관광형시장(누적 184곳 선정·지원),2016,‘16~’18,서울,성동구,마장축산물시장,1620
문화관광형시장(누적 184곳 선정·지원),2016,‘16~’18,서울,광진구,중곡제일전통시장,1540
문화관광형시장(누적 184곳 선정·지원),2016,‘16~’18,부산,동구,부산진시장,1620
문화관광형시장(누적 184곳 선정·지원),2016,‘16~’18,부산,사상구,르네시떼,1620
문화관광형시장(누적 184곳 선정·지원),2016,‘16~’18,대구,중구,약령시장,1540
문화관광형시장(누적 184곳 선정·지원),2016,‘16~’18,대전,서구,도마큰시장,1540
문화관광형시장(누적 184곳 선정·지원),2016,‘16~’18,경기,여주시,중앙로 상점가,1540
문화관광형시장(누적 184곳 선정·지원),2016,‘16~’18,경기,양평군,양수리시장,1520
문화관광형시장(누적 184곳 선정·지원),2016,‘16~’18,강원,춘천시,풍물시장,1540
문화관광형시장(누적 184곳 선정·지원),2016,‘16~’18,강원,강릉시,"중앙, 성남시장",1480
문화관광형시장(누적 184곳 선정·지원),2016,‘16~’18,충북,제천시,제천 중앙시장,1560
문화관광형시장(누적 184곳 선정·지원),2016,‘16~’18,충북,음성군,음성 무극시장,1540
문화관광형시장(누적 184곳 선정·지원),2016,‘16~’18,충남,서천시,서천특화시장,1600
문화관광형시장(누적 184곳 선정·지원),2016,‘16~’18,전북,익산시,매일·중앙·서동시장,1680
문화관광형시장(누적 184곳 선정·지원),2016,‘16~’18,전북,군산시,신영시장,1540
문화관광형시장(누적 184곳 선정·지원),2016,‘16~’18,전남,광양시,광양5일시장,1540
문화관광형시장(누적 184곳 선정·지원),2016,‘16~’18,경북,상주시,상주중앙시장,1540
문화관광형시장(누적 184곳 선정·지원),2016,‘16~’18,경북,영주시,선비골문화시장,1740
문화관광형시장(누적 184곳 선정·지원),2016,‘16~’18,경남,함양군,지리산함양시장,1540
문화관광형시장(누적 184곳 선정·지원),2016,‘16~’18,경남,양산시,양산남부시장상가 양산남부시장,1480
문화관광형시장(누적 184곳 선정·지원),2016,‘16~’18,제주,제주,중앙로상점가,1540
문화관광형시장(누적 184곳 선정·지원),2017,‘17~’19,서울,마포구,망원시장,1540
문화관광형시장(누적 184곳 선정·지원),2017,‘17~’19,서울,동작구,남성사계시장,1540
문화관광형시장(누적 184곳 선정·지원),2017,‘17~’19,서울,영등포구,대림중앙시장,1540
문화관광형시장(누적 184곳 선정·지원),2017,‘17~’19,부산,사상구,부산새벽시장,1540
문화관광형시장(누적 184곳 선정·지원),2017,‘17~’19,부산,영도구,봉래시장,1540
문화관광형시장(누적 184곳 선정·지원),2017,‘17~’19,부산,동구,자유시장,1620
문화관광형시장(누적 184곳 선정·지원),2017,‘17~’19,부산,기장군,기장시장,1600
문화관광형시장(누적 184곳 선정·지원),2017,‘17~’19,대구,달서구,서남신시장,1540
문화관광형시장(누적 184곳 선정·지원),2017,‘17~’19,대구,수성구,신매시장,1540
문화관광형시장(누적 184곳 선정·지원),2017,‘17~’19,인천,서구,가좌시장,1620
문화관광형시장(누적 184곳 선정·지원),2017,‘17~’19,인천,부평구,부평문화의거리,1460
문화관광형시장(누적 184곳 선정·지원),2017,‘17~’19,인천,남구,석바위시장,1540
문화관광형시장(누적 184곳 선정·지원),2017,‘17~’19,광주,남구,봉선시장,1740
문화관광형시장(누적 184곳 선정·지원),2017,‘17~’19,광주,북구,말바우시장,1580
문화관광형시장(누적 184곳 선정·지원),2017,‘17~’19,대전,서구,한민시장,1540
문화관광형시장(누적 184곳 선정·지원),2017,‘17~’19,울산,남구,수암상가시장,1600
문화관광형시장(누적 184곳 선정·지원),2017,‘17~’19,울산,남구,신정상가시장,1620
문화관광형시장(누적 184곳 선정·지원),2017,‘17~’19,경기,파주시,문산자유시장,1480
문화관광형시장(누적 184곳 선정·지원),2017,‘17~’19,경기,장안구,수원연무시장,1740
문화관광형시장(누적 184곳 선정·지원),2017,‘17~’19,경기,부천시,부천자유시장,1540
문화관광형시장(누적 184곳 선정·지원),2017,‘17~’19,경기,양평군,양평용문천년시장,1540
문화관광형시장(누적 184곳 선정·지원),2017,‘17~’19,경기,하남시,하남신장시장,1520
문화관광형시장(누적 184곳 선정·지원),2017,‘17~’19,강원,삼척시,삼척중앙시장,1540
문화관광형시장(누적 184곳 선정·지원),2017,‘17~’19,강원,정선군,정선임계사통팔달시장,1540
문화관광형시장(누적 184곳 선정·지원),2017,‘17~’19,강원,원주시,원주자유시장,1540
문화관광형시장(누적 184곳 선정·지원),2017,‘17~’19,충북,진천군,진천중앙시장,1540
문화관광형시장(누적 184곳 선정·지원),2017,‘17~’19,충남,당진시,당진전통시장,1700
문화관광형시장(누적 184곳 선정·지원),2017,‘17~’19,충남,천안시,천안남산중앙시장,1540
문화관광형시장(누적 184곳 선정·지원),2017,‘17~’19,전북,고창군,고창전통시장,1700
문화관광형시장(누적 184곳 선정·지원),2017,‘17~’19,경북,포항시,포항효자시장,1480
문화관광형시장(누적 184곳 선정·지원),2017,‘17~’19,경북,고령군,고령대가야시장,1520
문화관광형시장(누적 184곳 선정·지원),2017,‘17~’19,경남,밀양시,밀양내일 아리랑시장,1600
문화관광형시장(누적 184곳 선정·지원),2017,‘17~’19,경남,거제시,거제고현종합시장,1540
문화관광형시장(누적 184곳 선정·지원),2017,‘17~’19,경남,김해시,김해동상시장,1600
문화관광형시장(누적 184곳 선정·지원),2017,‘17~’19,제주,서귀포시,서귀포향토오일시장,1580
골목형시장(누적 202곳 선정·지원),2015,’15(단년도 사업),서울,구로구,구로시장,520
골목형시장(누적 202곳 선정·지원),2015,’15(단년도 사업),서울,금천구,대명여울빛거리,520
골목형시장(누적 202곳 선정·지원),2015,’15(단년도 사업),서울,동작구,남성사계시장,520
골목형시장(누적 202곳 선정·지원),2015,’15(단년도 사업),서울,마포구,망원시장,480
골목형시장(누적 202곳 선정·지원),2015,’15(단년도 사업),서울,마포구,도화동상점가,520
골목형시장(누적 202곳 선정·지원),2015,’15(단년도 사업),서울,서대문구,인왕시장,520
골목형시장(누적 202곳 선정·지원),2015,’15(단년도 사업),서울,종로구,세종마을음식문화거리,520
골목형시장(누적 202곳 선정·지원),2015,’15(단년도 사업),서울,강동구,명일전통시장,480
골목형시장(누적 202곳 선정·지원),2015,’15(단년도 사업),서울,강동구,둔촌역전통시장,520
골목형시장(누적 202곳 선정·지원),2015,’15(단년도 사업),서울,강북구,강북북부시장,440
골목형시장(누적 202곳 선정·지원),2015,’15(단년도 사업),서울,성동구,뚝도시장,520
골목형시장(누적 202곳 선정·지원),2015,’15(단년도 사업),서울,성동구,도선동상점가,520
골목형시장(누적 202곳 선정·지원),2015,’15(단년도 사업),서울,성북구,길음시장,520
골목형시장(누적 202곳 선정·지원),2015,’15(단년도 사업),서울,송파구,마천중앙시장,520
골목형시장(누적 202곳 선정·지원),2015,’15(단년도 사업),서울,도봉구,방학동도깨비시장,520
골목형시장(누적 202곳 선정·지원),2015,’15(단년도 사업),부산,부산진구,개금골목시장,520
골목형시장(누적 202곳 선정·지원),2015,’15(단년도 사업),부산,사상구,복이있는 덕포시장,520
골목형시장(누적 202곳 선정·지원),2015,’15(단년도 사업),부산,영도구,영도봉래시장,520
골목형시장(누적 202곳 선정·지원),2015,’15(단년도 사업),부산,해운대구,반송2동시장,520
골목형시장(누적 202곳 선정·지원),2015,’15(단년도 사업),대구,남구,대명시장,520
골목형시장(누적 202곳 선정·지원),2015,’15(단년도 사업),대구,달서구,서남신시장,520
골목형시장(누적 202곳 선정·지원),2015,’15(단년도 사업),대구,동구,동구시장,520
골목형시장(누적 202곳 선정·지원),2015,’15(단년도 사업),대구,동구,동서시장,520
골목형시장(누적 202곳 선정·지원),2015,’15(단년도 사업),대구,중구,교동시장활성화구역,600
골목형시장(누적 202곳 선정·지원),2015,’15(단년도 사업),인천,남구,석바위시장,520
골목형시장(누적 202곳 선정·지원),2015,’15(단년도 사업),인천,남구,용남시장,480
골목형시장(누적 202곳 선정·지원),2015,’15(단년도 사업),인천,남구,토지금고시장,520
골목형시장(누적 202곳 선정·지원),2015,’15(단년도 사업),인천,부평구,부평문화의거리,520
골목형시장(누적 202곳 선정·지원),2015,’15(단년도 사업),인천,서구,가좌시장,520
골목형시장(누적 202곳 선정·지원),2015,’15(단년도 사업),광주,남구,봉선시장,480
골목형시장(누적 202곳 선정·지원),2015,’15(단년도 사업),광주,북구,말바우시장,520
골목형시장(누적 202곳 선정·지원),2015,’15(단년도 사업),광주,서구,양동복개상가,520
골목형시장(누적 202곳 선정·지원),2015,’15(단년도 사업),대전,동구,신도시장,480
골목형시장(누적 202곳 선정·지원),2015,’15(단년도 사업),대전,서구,한민시장,520
골목형시장(누적 202곳 선정·지원),2015,’15(단년도 사업),대전,유성구,송강전통시장,480
골목형시장(누적 202곳 선정·지원),2015,’15(단년도 사업),울산,남구,신정상가시장,520
골목형시장(누적 202곳 선정·지원),2015,’15(단년도 사업),울산,남구,수암상가시장,520
골목형시장(누적 202곳 선정·지원),2015,’15(단년도 사업),울산,중구,반구시장,520
골목형시장(누적 202곳 선정·지원),2015,’15(단년도 사업),경기,고양시,일산시장,520
골목형시장(누적 202곳 선정·지원),2015,’15(단년도 사업),경기,동두천시,동두천큰시장,520
골목형시장(누적 202곳 선정·지원),2015,’15(단년도 사업),경기,부천시,부천제일시장,520
골목형시장(누적 202곳 선정·지원),2015,’15(단년도 사업),경기,성남시,남한산성시장,520
골목형시장(누적 202곳 선정·지원),2015,’15(단년도 사업),경기,수원시,구매탄전통시장,520
골목형시장(누적 202곳 선정·지원),2015,’15(단년도 사업),경기,수원시,파장시장,520
골목형시장(누적 202곳 선정·지원),2015,’15(단년도 사업),경기,안양시,안양남부시장,520
골목형시장(누적 202곳 선정·지원),2015,’15(단년도 사업),경기,안양시,박달전통시장,520
골목형시장(누적 202곳 선정·지원),2015,’15(단년도 사업),경기,양평군,용문전통시장,520
골목형시장(누적 202곳 선정·지원),2015,’15(단년도 사업),경기,용인시,죽전로데오상점가시장,520
골목형시장(누적 202곳 선정·지원),2015,’15(단년도 사업),경기,평택시,평택송북전통시장,520
골목형시장(누적 202곳 선정·지원),2015,’15(단년도 사업),경기,하남시,신장전통시장,480
골목형시장(누적 202곳 선정·지원),2015,’15(단년도 사업),강원,고성군,간성시장,520
골목형시장(누적 202곳 선정·지원),2015,’15(단년도 사업),강원,영월구,서부시장,520
골목형시장(누적 202곳 선정·지원),2015,’15(단년도 사업),강원,원주시,자유시장,520
골목형시장(누적 202곳 선정·지원),2015,’15(단년도 사업),충북,제천시,제천내토시장,480
골목형시장(누적 202곳 선정·지원),2015,’15(단년도 사업),충북,청주시,서문시장,480
골목형시장(누적 202곳 선정·지원),2015,’15(단년도 사업),충북,청주시,원마루시장,520
골목형시장(누적 202곳 선정·지원),2015,’15(단년도 사업),충남,천안시,신부문화거리상점가,520
골목형시장(누적 202곳 선정·지원),2015,’15(단년도 사업),충남,천안시,성정시장,480
골목형시장(누적 202곳 선정·지원),2015,’15(단년도 사업),전북,고창군,고창전통시장,480
골목형시장(누적 202곳 선정·지원),2015,’15(단년도 사업),전북,무주군,안성덕유산장터,440
골목형시장(누적 202곳 선정·지원),2015,’15(단년도 사업),전북,전주시,서부시장상점가,520
골목형시장(누적 202곳 선정·지원),2015,’15(단년도 사업),전남,순천시,역전시장,520
골목형시장(누적 202곳 선정·지원),2015,’15(단년도 사업),전남,여수시,수산시장,520
골목형시장(누적 202곳 선정·지원),2015,’15(단년도 사업),경북,경주시,안강시장,520
골목형시장(누적 202곳 선정·지원),2015,’15(단년도 사업),경북,고령군,고령대가야시장,520
골목형시장(누적 202곳 선정·지원),2015,’15(단년도 사업),경북,김천시,평화시장,520
골목형시장(누적 202곳 선정·지원),2015,’15(단년도 사업),경북,예천군,용궁시장,520
골목형시장(누적 202곳 선정·지원),2015,’15(단년도 사업),경북,포항시,연일전통시장,520
골목형시장(누적 202곳 선정·지원),2015,’15(단년도 사업),경남,김해시,장유중앙시장,520
골목형시장(누적 202곳 선정·지원),2015,’15(단년도 사업),경남,창원시,반송시장,520
골목형시장(누적 202곳 선정·지원),2015,’15(단년도 사업),경남,창원시,성원그랜드상가시장,600
골목형시장(누적 202곳 선정·지원),2015,’15(단년도 사업),제주,서귀포시,서귀포향토오일시장,600
골목형시장(누적 202곳 선정·지원),2015,’15(단년도 사업),제주,제주시,보성시장,480
골목형시장(누적 202곳 선정·지원),2016,’16(단년도 사업),서울,강동구,고분다리전통시장,480
골목형시장(누적 202곳 선정·지원),2016,’16(단년도 사업),서울,강동구,성내전통시장,480
골목형시장(누적 202곳 선정·지원),2016,’16(단년도 사업),서울,강서구,송화벽화시장,520
골목형시장(누적 202곳 선정·지원),2016,’16(단년도 사업),서울,광진구,자양전통시장,520
골목형시장(누적 202곳 선정·지원),2016,’16(단년도 사업),서울,도봉구,창동골목시장,480
골목형시장(누적 202곳 선정·지원),2016,’16(단년도 사업),서울,동작구,상도전통시장,480
골목형시장(누적 202곳 선정·지원),2016,’16(단년도 사업),서울,마포구,마포농수산물시장,520
골목형시장(누적 202곳 선정·지원),2016,’16(단년도 사업),서울,마포구 ,홍대걷고싶은거리상점가,520
골목형시장(누적 202곳 선정·지원),2016,’16(단년도 사업),서울,성동구,용답상가시장,520
골목형시장(누적 202곳 선정·지원),2016,’16(단년도 사업),서울,성북구,장위전통시장,520
골목형시장(누적 202곳 선정·지원),2016,’16(단년도 사업),서울,양천구,경창시장,480
골목형시장(누적 202곳 선정·지원),2016,’16(단년도 사업),서울,양천구,목동깨비시장,520
골목형시장(누적 202곳 선정·지원),2016,’16(단년도 사업),서울,양천구,목사랑시장,480
골목형시장(누적 202곳 선정·지원),2016,’16(단년도 사업),서울,양천구,신월1동신영시장,520
골목형시장(누적 202곳 선정·지원),2016,’16(단년도 사업),서울,영등포구,㈜사러가시장,480
골목형시장(누적 202곳 선정·지원),2016,’16(단년도 사업),서울,용산구,후암시장,480
골목형시장(누적 202곳 선정·지원),2016,’16(단년도 사업),서울,종로구,창신골목시장,520
골목형시장(누적 202곳 선정·지원),2016,’16(단년도 사업),부산,해운대구,좌동재래시장,520
골목형시장(누적 202곳 선정·지원),2016,’16(단년도 사업),부산,수영구,망미중앙시장,520
골목형시장(누적 202곳 선정·지원),2016,’16(단년도 사업),부산,중구,아리랑거리,520
골목형시장(누적 202곳 선정·지원),2016,’16(단년도 사업),부산,서구,충무동골목시장,520
골목형시장(누적 202곳 선정·지원),2016,’16(단년도 사업),부산,동래구,온천인정시장,520
골목형시장(누적 202곳 선정·지원),2016,’16(단년도 사업),부산,기장군,기장시장,520
골목형시장(누적 202곳 선정·지원),2016,’16(단년도 사업),대구,남구,봉덕신시장,520
골목형시장(누적 202곳 선정·지원),2016,’16(단년도 사업),대구,달서구,달서시장,520
골목형시장(누적 202곳 선정·지원),2016,’16(단년도 사업),대구,달서구,와룡시장,520
골목형시장(누적 202곳 선정·지원),2016,’16(단년도 사업),대구,달서구,용산시장,520
골목형시장(누적 202곳 선정·지원),2016,’16(단년도 사업),대구,북구,칠곡시장,480
골목형시장(누적 202곳 선정·지원),2016,’16(단년도 사업),대구,서구,원고개시장,520
골목형시장(누적 202곳 선정·지원),2016,’16(단년도 사업),대구,수성구,신매시장,520
골목형시장(누적 202곳 선정·지원),2016,’16(단년도 사업),인천,서구,인천강남시장,520
골목형시장(누적 202곳 선정·지원),2016,’16(단년도 사업),인천,남동구,구월시장,520
골목형시장(누적 202곳 선정·지원),2016,’16(단년도 사업),인천,남구,주안시민지하상가,520
골목형시장(누적 202곳 선정·지원),2016,’16(단년도 사업),광주,서구,양동건어물시장,480
골목형시장(누적 202곳 선정·지원),2016,’16(단년도 사업),대전,대덕구,중리시장,520
골목형시장(누적 202곳 선정·지원),2016,’16(단년도 사업),경기,고양시,덕이동패션1번지,480
골목형시장(누적 202곳 선정·지원),2016,’16(단년도 사업),경기,고양시,원당시장,480
골목형시장(누적 202곳 선정·지원),2016,’16(단년도 사업),경기,군포시,산본로데오거리상점가,600
골목형시장(누적 202곳 선정·지원),2016,’16(단년도 사업),경기,부천시,부천강남시장,520
골목형시장(누적 202곳 선정·지원),2016,’16(단년도 사업),경기,성남시,금호시장,520
골목형시장(누적 202곳 선정·지원),2016,’16(단년도 사업),경기,성남시,돌고래시장,520
골목형시장(누적 202곳 선정·지원),2016,’16(단년도 사업),경기,수원시,매산시장,520
골목형시장(누적 202곳 선정·지원),2016,’16(단년도 사업),경기,수원시,연무시장,520
골목형시장(누적 202곳 선정·지원),2016,’16(단년도 사업),경기,안양시,안양호계종합시장,520
골목형시장(누적 202곳 선정·지원),2016,’16(단년도 사업),경기,의왕시,부곡도깨비시장,520
골목형시장(누적 202곳 선정·지원),2016,’16(단년도 사업),경기,파주시,광탄경매시장,480
골목형시장(누적 202곳 선정·지원),2016,’16(단년도 사업),강원,춘천시,후평1단지시장,480
골목형시장(누적 202곳 선정·지원),2016,’16(단년도 사업),강원,정선군,정선사북시장,480
골목형시장(누적 202곳 선정·지원),2016,’16(단년도 사업),강원,홍천군,홍천중앙시장,520
골목형시장(누적 202곳 선정·지원),2016,’16(단년도 사업),강원,평창군,평창대화시장,480
골목형시장(누적 202곳 선정·지원),2016,’16(단년도 사업),충북,진천군,진천중앙시장,480
골목형시장(누적 202곳 선정·지원),2016,’16(단년도 사업),충북,청주시,청주사창시장,520
골목형시장(누적 202곳 선정·지원),2016,’16(단년도 사업),충북,충주시,충주옹달샘시장,480
골목형시장(누적 202곳 선정·지원),2016,’16(단년도 사업),충북,충주시,충주중앙공설시장,480
골목형시장(누적 202곳 선정·지원),2016,’16(단년도 사업),충남,논산시,화지중앙시장,520
골목형시장(누적 202곳 선정·지원),2016,’16(단년도 사업),충남,계룡시,엄사상점가,520
골목형시장(누적 202곳 선정·지원),2016,’16(단년도 사업),충남,예산군,덕산시장,520
골목형시장(누적 202곳 선정·지원),2016,’16(단년도 사업),전북,남원시,용남시장,520
골목형시장(누적 202곳 선정·지원),2016,’16(단년도 사업),전북,전주시,전주중앙상가,520
골목형시장(누적 202곳 선정·지원),2016,’16(단년도 사업),전북,완주군,봉동시장,440
골목형시장(누적 202곳 선정·지원),2016,’16(단년도 사업),전남,광양시,중마시장,480
골목형시장(누적 202곳 선정·지원),2016,’16(단년도 사업),경북,포항시,효자시장,520
골목형시장(누적 202곳 선정·지원),2016,’16(단년도 사업),경북,구밋,선산봉황시장,520
골목형시장(누적 202곳 선정·지원),2016,’16(단년도 사업),경남,김해시,삼방시장,480
골목형시장(누적 202곳 선정·지원),2016,’16(단년도 사업),경남,고성군,고성공룡시장,520
골목형시장(누적 202곳 선정·지원),2016,’16(단년도 사업),경남,창원시,봉곡시장,520
골목형시장(누적 202곳 선정·지원),2016,’16(단년도 사업),제주,제주시,한림매일시장,480
골목형시장(누적 202곳 선정·지원),2016,’16(단년도 사업),세종,(전의면),전의전통시장,480
골목형시장(누적 202곳 선정·지원),2017,’17(단년도 사업),서울,성북구,석관황금시장,480
골목형시장(누적 202곳 선정·지원),2017,’17(단년도 사업),서울,금천구,현대시장,520
골목형시장(누적 202곳 선정·지원),2017,’17(단년도 사업),서울,서대문구,포방터시장,480
골목형시장(누적 202곳 선정·지원),2017,’17(단년도 사업),서울,강서구,까치산시장,520
골목형시장(누적 202곳 선정·지원),2017,’17(단년도 사업),서울,강서구,방신전통시장,520
골목형시장(누적 202곳 선정·지원),2017,’17(단년도 사업),서울,영등포구,영등포시장,520
골목형시장(누적 202곳 선정·지원),2017,’17(단년도 사업),서울,성동구,한양대앞상점가,520
골목형시장(누적 202곳 선정·지원),2017,’17(단년도 사업),서울,중랑구,동원골목시장,520
골목형시장(누적 202곳 선정·지원),2017,’17(단년도 사업),서울,동작구,성대시장,480
골목형시장(누적 202곳 선정·지원),2017,’17(단년도 사업),부산,수영구,민락골목시장,480
골목형시장(누적 202곳 선정·지원),2017,’17(단년도 사업),부산,남구,못골골목시장,520
골목형시장(누적 202곳 선정·지원),2017,’17(단년도 사업),부산,사하구,신평골목시장,520
골목형시장(누적 202곳 선정·지원),2017,’17(단년도 사업),부산,부산진구,전포놀이터시장,480
골목형시장(누적 202곳 선정·지원),2017,’17(단년도 사업),대구,남구,시장관문상가,520
골목형시장(누적 202곳 선정·지원),2017,’17(단년도 사업),대구,서구,서부시장,560
골목형시장(누적 202곳 선정·지원),2017,’17(단년도 사업),대구,중구,패션주얼리특구,520
골목형시장(누적 202곳 선정·지원),2017,’17(단년도 사업),인천,남동구,장승백이전통시장,520
골목형시장(누적 202곳 선정·지원),2017,’17(단년도 사업),인천,계양구,병방시장,520
골목형시장(누적 202곳 선정·지원),2017,’17(단년도 사업),인천,부평구,부평깡시장,520
골목형시장(누적 202곳 선정·지원),2017,’17(단년도 사업),인천,남동구,만수시장,520
골목형시장(누적 202곳 선정·지원),2017,’17(단년도 사업),인천,계양구,작전시장,520
골목형시장(누적 202곳 선정·지원),2017,’17(단년도 사업),광주,북구,운암시장,520
골목형시장(누적 202곳 선정·지원),2017,’17(단년도 사업),광주,서구,양동수산시장,520
골목형시장(누적 202곳 선정·지원),2017,’17(단년도 사업),대전,동구,역전지하상가,520
골목형시장(누적 202곳 선정·지원),2017,’17(단년도 사업),울산,동구,월봉시장,520
골목형시장(누적 202곳 선정·지원),2017,’17(단년도 사업),울산,중구,학성새벽시장,520
골목형시장(누적 202곳 선정·지원),2017,’17(단년도 사업),경기,수원시,정자시장,520
골목형시장(누적 202곳 선정·지원),2017,’17(단년도 사업),경기,파주시,적성전통시장,480
골목형시장(누적 202곳 선정·지원),2017,’17(단년도 사업),경기,가평군,가평잣고을전통시장,520
골목형시장(누적 202곳 선정·지원),2017,’17(단년도 사업),경기,부천시,부천신흥시장,480
골목형시장(누적 202곳 선정·지원),2017,’17(단년도 사업),경기,성남시,미래타운제1종합시장,520
골목형시장(누적 202곳 선정·지원),2017,’17(단년도 사업),경기,하남시,덕풍시장,520
골목형시장(누적 202곳 선정·지원),2017,’17(단년도 사업),경기,수원시,화서시장,520
골목형시장(누적 202곳 선정·지원),2017,’17(단년도 사업),경기,과천시,새서울프라자,520
골목형시장(누적 202곳 선정·지원),2017,’17(단년도 사업),경기,부천시,고강시장,480
골목형시장(누적 202곳 선정·지원),2017,’17(단년도 사업),경기,수원시,조원시장,520
골목형시장(누적 202곳 선정·지원),2017,’17(단년도 사업),강원,평창군,진부전통시장,520
골목형시장(누적 202곳 선정·지원),2017,’17(단년도 사업),강원,철원군,신철원전통시장,480
골목형시장(누적 202곳 선정·지원),2017,’17(단년도 사업),강원,원주시,중앙로문화의거리,520
골목형시장(누적 202곳 선정·지원),2017,’17(단년도 사업),충북,청주시,가경터미널시장,480
골목형시장(누적 202곳 선정·지원),2017,’17(단년도 사업),충북,청주시,청주직지시장,480
골목형시장(누적 202곳 선정·지원),2017,’17(단년도 사업),충북,충주시,엄정내창시장,520
골목형시장(누적 202곳 선정·지원),2017,’17(단년도 사업),충남,청양군,청양전통시장,520
골목형시장(누적 202곳 선정·지원),2017,’17(단년도 사업),충남,태안군,태안서부시장,520
골목형시장(누적 202곳 선정·지원),2017,’17(단년도 사업),전북,익산시,익산남부시장,480
골목형시장(누적 202곳 선정·지원),2017,’17(단년도 사업),전북,진안군,진안시장,480
골목형시장(누적 202곳 선정·지원),2017,’17(단년도 사업),전북,군산시,군산명산시장,480
골목형시장(누적 202곳 선정·지원),2017,’17(단년도 사업),전북,임실군,임실시장,480
골목형시장(누적 202곳 선정·지원),2017,’17(단년도 사업),전남,여수시,여수진남상가,560
골목형시장(누적 202곳 선정·지원),2017,’17(단년도 사업),전남,목포시,목포자유시장,520
골목형시장(누적 202곳 선정·지원),2017,’17(단년도 사업),전남,여수시,서시장주변시장,520
골목형시장(누적 202곳 선정·지원),2017,’17(단년도 사업),경북,의성군,의성전통시장,520
골목형시장(누적 202곳 선정·지원),2017,’17(단년도 사업),경북,청도군,청도시장,480
골목형시장(누적 202곳 선정·지원),2017,’17(단년도 사업),경북,영주시,신영주번개시장,520
골목형시장(누적 202곳 선정·지원),2017,’17(단년도 사업),경북,구미시,형곡중앙시장,480
골목형시장(누적 202곳 선정·지원),2017,’17(단년도 사업),경북,영덕군,영덕시장,480
골목형시장(누적 202곳 선정·지원),2017,’17(단년도 사업),경북,문경시,문경신흥시장,480
골목형시장(누적 202곳 선정·지원),2017,’17(단년도 사업),경북,포항시,영일대북부시장,520
골목형시장(누적 202곳 선정·지원),2017,’17(단년도 사업),경남,창원시,도계시장,520
골목형시장(누적 202곳 선정·지원),2017,’17(단년도 사업),경남,통영시,통영북신시장,520
골목형시장(누적 202곳 선정·지원),2017,’17(단년도 사업),경남,합천군,합천시장,520
골목형시장(누적 202곳 선정·지원),2017,’17(단년도 사업),경남,거제시,옥포시장,480
"희망사업프로젝트-지역선도형(‘18년 2곳, ’19년 1곳 선정·지원)",2018,‘18~’19,강원,속초시,속초종합중앙시장,2000
"희망사업프로젝트-지역선도형(‘18년 2곳, ’19년 1곳 선정·지원)",2018,‘18~’19,전남,순천시,순천아랫장,2000
"희망사업프로젝트-지역선도형(‘18년 2곳, ’19년 1곳 선정·지원)",2019,‘19~’20,충남,서천군,서천특화시장,2000
"희망사업프로젝트-문화관광형(‘18년 31곳, ’19년 42곳 선정·지원)",2018,‘18~’19,서울,성북구,정릉시장,860
"희망사업프로젝트-문화관광형(‘18년 31곳, ’19년 42곳 선정·지원)",2018,‘18~’19,서울,강서구,송화벽화시장,860
"희망사업프로젝트-문화관광형(‘18년 31곳, ’19년 42곳 선정·지원)",2018,‘18~’19,서울,금천구,남문시장,860
"희망사업프로젝트-문화관광형(‘18년 31곳, ’19년 42곳 선정·지원)",2018,‘18~’19,강원,정선군,사북시장,860
"희망사업프로젝트-문화관광형(‘18년 31곳, ’19년 42곳 선정·지원)",2018,‘18~’19,울산,중구,젊음의거리,860
"희망사업프로젝트-문화관광형(‘18년 31곳, ’19년 42곳 선정·지원)",2018,‘18~’19,경남,창원시,성원그랜드쇼핑,860
"희망사업프로젝트-문화관광형(‘18년 31곳, ’19년 42곳 선정·지원)",2018,‘18~’19,경남,창원시,창동통합상가,860
"희망사업프로젝트-문화관광형(‘18년 31곳, ’19년 42곳 선정·지원)",2018,‘18~’19,경남,김해시,삼방시장,860
"희망사업프로젝트-문화관광형(‘18년 31곳, ’19년 42곳 선정·지원)",2018,‘18~’19,경북,경주시,경주중앙시장,860
"희망사업프로젝트-문화관광형(‘18년 31곳, ’19년 42곳 선정·지원)",2018,‘18~’19,광주,남구,무등시장,860
"희망사업프로젝트-문화관광형(‘18년 31곳, ’19년 42곳 선정·지원)",2018,‘18~’19,전남,여수시,여수전통서시장,860
"희망사업프로젝트-문화관광형(‘18년 31곳, ’19년 42곳 선정·지원)",2018,‘18~’19,전북,정읍시,샘고을시장,860
"희망사업프로젝트-문화관광형(‘18년 31곳, ’19년 42곳 선정·지원)",2018,‘18~’19,전북,군산시,군산공설시장,860
"희망사업프로젝트-문화관광형(‘18년 31곳, ’19년 42곳 선정·지원)",2018,‘18~’19,전북,전주시,신중앙시장,860
"희망사업프로젝트-문화관광형(‘18년 31곳, ’19년 42곳 선정·지원)",2018,‘18~’19,전북,전주시,모래내시장,860
"희망사업프로젝트-문화관광형(‘18년 31곳, ’19년 42곳 선정·지원)",2018,‘18~’19,경기,부천시,역곡상상시장,860
"희망사업프로젝트-문화관광형(‘18년 31곳, ’19년 42곳 선정·지원)",2018,‘18~’19,경기,부천시,강남시장,860
"희망사업프로젝트-문화관광형(‘18년 31곳, ’19년 42곳 선정·지원)",2018,‘18~’19,경기,파주시,금촌통일시장(연합),860
"희망사업프로젝트-문화관광형(‘18년 31곳, ’19년 42곳 선정·지원)",2018,‘18~’19,인천,남구,주안시민지하도상가,860
"희망사업프로젝트-문화관광형(‘18년 31곳, ’19년 42곳 선정·지원)",2018,‘18~’19,인천,계양구,작전시장,860
"희망사업프로젝트-문화관광형(‘18년 31곳, ’19년 42곳 선정·지원)",2018,‘18~’19,인천,서구,강남시장,860
"희망사업프로젝트-문화관광형(‘18년 31곳, ’19년 42곳 선정·지원)",2018,‘18~’19,대전,동구,신도꼼지락시장,860
"희망사업프로젝트-문화관광형(‘18년 31곳, ’19년 42곳 선정·지원)",2018,‘18~’19,충남,아산시,온양온천시장,860
"희망사업프로젝트-문화관광형(‘18년 31곳, ’19년 42곳 선정·지원)",2018,‘18~’19,충남,서산시,서산동부시장,860
"희망사업프로젝트-문화관광형(‘18년 31곳, ’19년 42곳 선정·지원)",2018,‘18~’19,충남,보령시,보령중앙시장,860
"희망사업프로젝트-문화관광형(‘18년 31곳, ’19년 42곳 선정·지원)",2018,‘18~’19,충북,청주시,원마루시장,860
"희망사업프로젝트-문화관광형(‘18년 31곳, ’19년 42곳 선정·지원)",2018,‘18~’19,충북,청주시,서문시장,860
"희망사업프로젝트-문화관광형(‘18년 31곳, ’19년 42곳 선정·지원)",2018,‘18~’19,충북,충주시,중앙어울림시장,860
"희망사업프로젝트-문화관광형(‘18년 31곳, ’19년 42곳 선정·지원)",2018,‘18~’19,세종,세종시,전의왕의물시장,860
"희망사업프로젝트-문화관광형(‘18년 31곳, ’19년 42곳 선정·지원)",2018,‘18~’19,경남,고성시,고성공룡시장,1000
"희망사업프로젝트-문화관광형(‘18년 31곳, ’19년 42곳 선정·지원)",2018,‘18~’19,경남,통영시,북신전통시장,1000
"희망사업프로젝트-문화관광형(‘18년 31곳, ’19년 42곳 선정·지원)",2019,‘19~’20,서울,성동구,뚝섬역상점가,440
"희망사업프로젝트-문화관광형(‘18년 31곳, ’19년 42곳 선정·지원)",2019,‘19~’20,서울,구로구,고척근린시장,440
"희망사업프로젝트-문화관광형(‘18년 31곳, ’19년 42곳 선정·지원)",2019,‘19~’20,서울,강서구,화곡동본동시장,440
"희망사업프로젝트-문화관광형(‘18년 31곳, ’19년 42곳 선정·지원)",2019,‘19~’20,서울,중랑구,동부골목시장,460
"희망사업프로젝트-문화관광형(‘18년 31곳, ’19년 42곳 선정·지원)",2019,‘19~’20,서울,동작구,성대전통시장,440
"희망사업프로젝트-문화관광형(‘18년 31곳, ’19년 42곳 선정·지원)",2019,‘19~’20,서울,도봉구,방학동도깨비시장,440
"희망사업프로젝트-문화관광형(‘18년 31곳, ’19년 42곳 선정·지원)",2019,‘19~’20,강원,고성군,고성거진시장,440
"희망사업프로젝트-문화관광형(‘18년 31곳, ’19년 42곳 선정·지원)",2019,‘19~’20,강원,영월군,영월종합상가,440
"희망사업프로젝트-문화관광형(‘18년 31곳, ’19년 42곳 선정·지원)",2019,‘19~’20,부산,사하구,괴정골목시장,460
"희망사업프로젝트-문화관광형(‘18년 31곳, ’19년 42곳 선정·지원)",2019,‘19~’20,부산,동구,부산진시장,500
"희망사업프로젝트-문화관광형(‘18년 31곳, ’19년 42곳 선정·지원)",2019,‘19~’20,울산,남구,울산번개시장,460
"희망사업프로젝트-문화관광형(‘18년 31곳, ’19년 42곳 선정·지원)",2019,‘19~’20,대구,달서구,와룡시장,460
"희망사업프로젝트-문화관광형(‘18년 31곳, ’19년 42곳 선정·지원)",2019,‘19~’20,경북,문경시,문경중앙시장,460
"희망사업프로젝트-문화관광형(‘18년 31곳, ’19년 42곳 선정·지원)",2019,‘19~’20,경북,포항시,포항큰동해시장,460
"희망사업프로젝트-문화관광형(‘18년 31곳, ’19년 42곳 선정·지원)",2019,‘19~’20,경북,울진군,울진바지게시장,460
"희망사업프로젝트-문화관광형(‘18년 31곳, ’19년 42곳 선정·지원)",2019,‘19~’20,경남,창원시,도계부부시장,460
"희망사업프로젝트-문화관광형(‘18년 31곳, ’19년 42곳 선정·지원)",2019,‘19~’20,광주,동구,남광주시장,460
"희망사업프로젝트-문화관광형(‘18년 31곳, ’19년 42곳 선정·지원)",2019,‘19~’20,광주,광산구,"송정연합시장(1913송정역,송정매일)",460
"희망사업프로젝트-문화관광형(‘18년 31곳, ’19년 42곳 선정·지원)",2019,‘19~’20,전남,강진군,강진중앙로상가,440
"희망사업프로젝트-문화관광형(‘18년 31곳, ’19년 42곳 선정·지원)",2019,‘19~’20,전북,익산시,익산북부시장,460
"희망사업프로젝트-문화관광형(‘18년 31곳, ’19년 42곳 선정·지원)",2019,‘19~’20,전북,군산시,명산시장,440
"희망사업프로젝트-문화관광형(‘18년 31곳, ’19년 42곳 선정·지원)",2019,‘19~’20,전북,완주군,봉동생강골시장,440
"희망사업프로젝트-문화관광형(‘18년 31곳, ’19년 42곳 선정·지원)",2019,‘19~’20,전북,익산시,중앙 매일 서동시장(연합),460
"희망사업프로젝트-문화관광형(‘18년 31곳, ’19년 42곳 선정·지원)",2019,‘19~’20,경기,부천시,부천중동시장,460
"희망사업프로젝트-문화관광형(‘18년 31곳, ’19년 42곳 선정·지원)",2019,‘19~’20,경기,군포시,산본시장,460
"희망사업프로젝트-문화관광형(‘18년 31곳, ’19년 42곳 선정·지원)",2019,‘19~’20,경기,오산시,오색시장,480
"희망사업프로젝트-문화관광형(‘18년 31곳, ’19년 42곳 선정·지원)",2019,‘19~’20,경기,수원시,화서시장,460
"희망사업프로젝트-문화관광형(‘18년 31곳, ’19년 42곳 선정·지원)",2019,‘19~’20,경기,여주시,한글시장,460
"희망사업프로젝트-문화관광형(‘18년 31곳, ’19년 42곳 선정·지원)",2019,‘19~’20,인천,부평구,부평종합시장,480
"희망사업프로젝트-문화관광형(‘18년 31곳, ’19년 42곳 선정·지원)",2019,‘19~’20,인천,계양구,계산시장,460
"희망사업프로젝트-문화관광형(‘18년 31곳, ’19년 42곳 선정·지원)",2019,‘19~’20,인천,남동구,모래내시장,460
"희망사업프로젝트-문화관광형(‘18년 31곳, ’19년 42곳 선정·지원)",2019,‘19~’20,인천,부평구,부평깡시장,460
"희망사업프로젝트-문화관광형(‘18년 31곳, ’19년 42곳 선정·지원)",2019,‘19~’20,인천,서구,정서진중앙시장,460
"희망사업프로젝트-문화관광형(‘18년 31곳, ’19년 42곳 선정·지원)",2019,‘19~’20,대전,서구,가수원상점가,460
"희망사업프로젝트-문화관광형(‘18년 31곳, ’19년 42곳 선정·지원)",2019,‘19~’20,대전,중구,중앙로지하상가,480
"희망사업프로젝트-문화관광형(‘18년 31곳, ’19년 42곳 선정·지원)",2019,‘19~’20,대전,서구,도마큰시장,480
"희망사업프로젝트-문화관광형(‘18년 31곳, ’19년 42곳 선정·지원)",2019,‘19~’20,충북,청주시,복대가경시장,440
"희망사업프로젝트-문화관광형(‘18년 31곳, ’19년 42곳 선정·지원)",2019,‘19~’20,충북,제천시,제천동문전통시장,440
"희망사업프로젝트-문화관광형(‘18년 31곳, ’19년 42곳 선정·지원)",2019,‘19~’20,충북,진천군,진천전통시장,440
"희망사업프로젝트-문화관광형(‘18년 31곳, ’19년 42곳 선정·지원)",2019,‘19~’20,충북,청주시,사창시장,440
"희망사업프로젝트-문화관광형(‘18년 31곳, ’19년 42곳 선정·지원)",2019,‘19~’20,충북,괴산군,청천전통시장,440
"희망사업프로젝트-문화관광형(‘18년 31곳, ’19년 42곳 선정·지원)",2019,‘19~’20,제주,제주시,제주중앙지하상가,460
"특성화 첫걸음(기반조성)시장 육성사업(‘18년 34곳, ’19년 30곳 선정·지원)",2018,’18(단년도 사업),서울,성동구,서울숲상원길상점가,270
"특성화 첫걸음(기반조성)시장 육성사업(‘18년 34곳, ’19년 30곳 선정·지원)",2018,’18(단년도 사업),서울,구로구,고척근린시장,270
"특성화 첫걸음(기반조성)시장 육성사업(‘18년 34곳, ’19년 30곳 선정·지원)",2018,’18(단년도 사업),서울,강서구,화곡동본동시장,270
"특성화 첫걸음(기반조성)시장 육성사업(‘18년 34곳, ’19년 30곳 선정·지원)",2018,’18(단년도 사업),강원,철원군,와수전통시장,270
"특성화 첫걸음(기반조성)시장 육성사업(‘18년 34곳, ’19년 30곳 선정·지원)",2018,’18(단년도 사업),강원,고성군,고성거진시장,270
"특성화 첫걸음(기반조성)시장 육성사업(‘18년 34곳, ’19년 30곳 선정·지원)",2018,’18(단년도 사업),강원,영월군,영월종합상가,270
"특성화 첫걸음(기반조성)시장 육성사업(‘18년 34곳, ’19년 30곳 선정·지원)",2018,’18(단년도 사업),부산,부산진구,부산평화시장,270
"특성화 첫걸음(기반조성)시장 육성사업(‘18년 34곳, ’19년 30곳 선정·지원)",2018,’18(단년도 사업),부산,동구,부산남문시장,270
"특성화 첫걸음(기반조성)시장 육성사업(‘18년 34곳, ’19년 30곳 선정·지원)",2018,’18(단년도 사업),부산,사하구,괴정골목시장,270
"특성화 첫걸음(기반조성)시장 육성사업(‘18년 34곳, ’19년 30곳 선정·지원)",2018,’18(단년도 사업),울산,중구,태화종합시장,270
"특성화 첫걸음(기반조성)시장 육성사업(‘18년 34곳, ’19년 30곳 선정·지원)",2018,’18(단년도 사업),경남,의령군,의령전통시장,270
"특성화 첫걸음(기반조성)시장 육성사업(‘18년 34곳, ’19년 30곳 선정·지원)",2018,’18(단년도 사업),경남,고성군,고성시장,300
"특성화 첫걸음(기반조성)시장 육성사업(‘18년 34곳, ’19년 30곳 선정·지원)",2018,’18(단년도 사업),대구,동구,방촌시장,270
"특성화 첫걸음(기반조성)시장 육성사업(‘18년 34곳, ’19년 30곳 선정·지원)",2018,’18(단년도 사업),대구,북구,팔달신시장,270
"특성화 첫걸음(기반조성)시장 육성사업(‘18년 34곳, ’19년 30곳 선정·지원)",2018,’18(단년도 사업),경북,문경시,문경중앙시장,270
"특성화 첫걸음(기반조성)시장 육성사업(‘18년 34곳, ’19년 30곳 선정·지원)",2018,’18(단년도 사업),경북,포항시,포항큰동해시장,270
"특성화 첫걸음(기반조성)시장 육성사업(‘18년 34곳, ’19년 30곳 선정·지원)",2018,’18(단년도 사업),경북,울진군,울진공설시장,270
"특성화 첫걸음(기반조성)시장 육성사업(‘18년 34곳, ’19년 30곳 선정·지원)",2018,’18(단년도 사업),광주,동구,남광주시장,270
"특성화 첫걸음(기반조성)시장 육성사업(‘18년 34곳, ’19년 30곳 선정·지원)",2018,’18(단년도 사업),전남,강진군,강진중앙로상가,270
"특성화 첫걸음(기반조성)시장 육성사업(‘18년 34곳, ’19년 30곳 선정·지원)",2018,’18(단년도 사업),전북,익산시,익산북부시장,270
"특성화 첫걸음(기반조성)시장 육성사업(‘18년 34곳, ’19년 30곳 선정·지원)",2018,’18(단년도 사업),전북,김제시,김제전통시장,270
"특성화 첫걸음(기반조성)시장 육성사업(‘18년 34곳, ’19년 30곳 선정·지원)",2018,’18(단년도 사업),경기,부천시,부천중동시장,270
"특성화 첫걸음(기반조성)시장 육성사업(‘18년 34곳, ’19년 30곳 선정·지원)",2018,’18(단년도 사업),경기,군포시,산본시장,270
"특성화 첫걸음(기반조성)시장 육성사업(‘18년 34곳, ’19년 30곳 선정·지원)",2018,’18(단년도 사업),경기,안양시,중앙인정시장,270
"특성화 첫걸음(기반조성)시장 육성사업(‘18년 34곳, ’19년 30곳 선정·지원)",2018,’18(단년도 사업),인천,부평구,부평종합시장,270
"특성화 첫걸음(기반조성)시장 육성사업(‘18년 34곳, ’19년 30곳 선정·지원)",2018,’18(단년도 사업),인천,부평구,십정종합시장,270
"특성화 첫걸음(기반조성)시장 육성사업(‘18년 34곳, ’19년 30곳 선정·지원)",2018,’18(단년도 사업),인천,계양구,계산시장,270
"특성화 첫걸음(기반조성)시장 육성사업(‘18년 34곳, ’19년 30곳 선정·지원)",2018,’18(단년도 사업),대전,서구,가수원상점가,270
"특성화 첫걸음(기반조성)시장 육성사업(‘18년 34곳, ’19년 30곳 선정·지원)",2018,’18(단년도 사업),대전,중구,중앙로지하상가,270
"특성화 첫걸음(기반조성)시장 육성사업(‘18년 34곳, ’19년 30곳 선정·지원)",2018,’18(단년도 사업),충남,천안시,명동대흥로상점가,270
"특성화 첫걸음(기반조성)시장 육성사업(‘18년 34곳, ’19년 30곳 선정·지원)",2018,’18(단년도 사업),세종,세종시,금남대평시장,270
"특성화 첫걸음(기반조성)시장 육성사업(‘18년 34곳, ’19년 30곳 선정·지원)",2018,’18(단년도 사업),충북,청주시,복대가경시장,270
"특성화 첫걸음(기반조성)시장 육성사업(‘18년 34곳, ’19년 30곳 선정·지원)",2018,’18(단년도 사업),충북,제천시,제천동문전통시장,270
"특성화 첫걸음(기반조성)시장 육성사업(‘18년 34곳, ’19년 30곳 선정·지원)",2018,’18(단년도 사업),충북,보은군,보은종합시장,270
"특성화 첫걸음(기반조성)시장 육성사업(‘18년 34곳, ’19년 30곳 선정·지원)",2019,’19(단년도 사업),서울,은평구,화곡중앙골목시장,270
"특성화 첫걸음(기반조성)시장 육성사업(‘18년 34곳, ’19년 30곳 선정·지원)",2019,’19(단년도 사업),서울,강서구,용산용문시장,280
"특성화 첫걸음(기반조성)시장 육성사업(‘18년 34곳, ’19년 30곳 선정·지원)",2019,’19(단년도 사업),서울,용산구,연서시장,270
"특성화 첫걸음(기반조성)시장 육성사업(‘18년 34곳, ’19년 30곳 선정·지원)",2019,’19(단년도 사업),부산,부산진구,주문진건어물시장,270
"특성화 첫걸음(기반조성)시장 육성사업(‘18년 34곳, ’19년 30곳 선정·지원)",2019,’19(단년도 사업),대구,달서구,원주중앙시민전통시장,270
"특성화 첫걸음(기반조성)시장 육성사업(‘18년 34곳, ’19년 30곳 선정·지원)",2019,’19(단년도 사업),대구,북구,황지자유시장,280
"특성화 첫걸음(기반조성)시장 육성사업(‘18년 34곳, ’19년 30곳 선정·지원)",2019,’19(단년도 사업),인천,중구,부전시장,290
"특성화 첫걸음(기반조성)시장 육성사업(‘18년 34곳, ’19년 30곳 선정·지원)",2019,’19(단년도 사업),인천,남동구,남목전통시장,280
"특성화 첫걸음(기반조성)시장 육성사업(‘18년 34곳, ’19년 30곳 선정·지원)",2019,’19(단년도 사업),인천,부평구,진주동성상가,280
"특성화 첫걸음(기반조성)시장 육성사업(‘18년 34곳, ’19년 30곳 선정·지원)",2019,’19(단년도 사업),광주,동구,가음정시장,280
"특성화 첫걸음(기반조성)시장 육성사업(‘18년 34곳, ’19년 30곳 선정·지원)",2019,’19(단년도 사업),광주,동구,마산어시장,300
"특성화 첫걸음(기반조성)시장 육성사업(‘18년 34곳, ’19년 30곳 선정·지원)",2019,’19(단년도 사업),광주,북구,송현주공시장,260
"특성화 첫걸음(기반조성)시장 육성사업(‘18년 34곳, ’19년 30곳 선정·지원)",2019,’19(단년도 사업),울산,동구,서변중앙시장,270
"특성화 첫걸음(기반조성)시장 육성사업(‘18년 34곳, ’19년 30곳 선정·지원)",2019,’19(단년도 사업),경기,안산시,중앙신시장,290
"특성화 첫걸음(기반조성)시장 육성사업(‘18년 34곳, ’19년 30곳 선정·지원)",2019,’19(단년도 사업),경기,부천시,금남지하도상가,280
"특성화 첫걸음(기반조성)시장 육성사업(‘18년 34곳, ’19년 30곳 선정·지원)",2019,’19(단년도 사업),경기,평택시,조대장미의거리,280
"특성화 첫걸음(기반조성)시장 육성사업(‘18년 34곳, ’19년 30곳 선정·지원)",2019,’19(단년도 사업),강원,강릉시,패션의거리,270
"특성화 첫걸음(기반조성)시장 육성사업(‘18년 34곳, ’19년 30곳 선정·지원)",2019,’19(단년도 사업),강원,태백시,삼례시장,260
"특성화 첫걸음(기반조성)시장 육성사업(‘18년 34곳, ’19년 30곳 선정·지원)",2019,’19(단년도 사업),강원,원주시,완도5일시장,260
"특성화 첫걸음(기반조성)시장 육성사업(‘18년 34곳, ’19년 30곳 선정·지원)",2019,’19(단년도 사업),충북,충주시,간석자유시장,280
"특성화 첫걸음(기반조성)시장 육성사업(‘18년 34곳, ’19년 30곳 선정·지원)",2019,’19(단년도 사업),충북,청주시,진흥종합시장,270
"특성화 첫걸음(기반조성)시장 육성사업(‘18년 34곳, ’19년 30곳 선정·지원)",2019,’19(단년도 사업),충남,홍성군,개항누리길상점가,270
"특성화 첫걸음(기반조성)시장 육성사업(‘18년 34곳, ’19년 30곳 선정·지원)",2019,’19(단년도 사업),충남,천안시,상동시장,280
"특성화 첫걸음(기반조성)시장 육성사업(‘18년 34곳, ’19년 30곳 선정·지원)",2019,’19(단년도 사업),충남,보령시,도리섬상점가,280
"특성화 첫걸음(기반조성)시장 육성사업(‘18년 34곳, ’19년 30곳 선정·지원)",2019,’19(단년도 사업),전북,군산시,통복시장,300
"특성화 첫걸음(기반조성)시장 육성사업(‘18년 34곳, ’19년 30곳 선정·지원)",2019,’19(단년도 사업),전남,완도군,내덕자연시장,260
"특성화 첫걸음(컨설팅)시장 육성사업(‘18년 24곳, ’19년 31곳 선정·지원)",2019,’19(단년도 사업),경북,안동시,성서문화의거리상점가,280
"특성화 첫걸음(컨설팅)시장 육성사업(‘18년 24곳, ’19년 31곳 선정·지원)",2019,’19(단년도 사업),경남,진주시,한내시장,280
"특성화 첫걸음(컨설팅)시장 육성사업(‘18년 24곳, ’19년 31곳 선정·지원)",2019,’19(단년도 사업),경남,창원시,천안역전시장,280
"특성화 첫걸음(컨설팅)시장 육성사업(‘18년 24곳, ’19년 31곳 선정·지원)",2019,’19(단년도 사업),경남,창원시,명동상가,280
"특성화 첫걸음(컨설팅)시장 육성사업(‘18년 24곳, ’19년 31곳 선정·지원)",2018,’18(최대 6개월),서울,은평구,연서시장,시장당 15백만원 이내 (국비) 
"특성화 첫걸음(컨설팅)시장 육성사업(‘18년 24곳, ’19년 31곳 선정·지원)",2018,’18(최대 6개월),서울,영등포구,영등포청과시장,시장당 15백만원 이내 (국비) 
"특성화 첫걸음(컨설팅)시장 육성사업(‘18년 24곳, ’19년 31곳 선정·지원)",2018,’18(최대 6개월),서울,중구,삼익패션타운,시장당 15백만원 이내 (국비) 
"특성화 첫걸음(컨설팅)시장 육성사업(‘18년 24곳, ’19년 31곳 선정·지원)",2018,’18(최대 6개월),서울,용산구,용문전통시장,시장당 15백만원 이내 (국비) 
"특성화 첫걸음(컨설팅)시장 육성사업(‘18년 24곳, ’19년 31곳 선정·지원)",2018,’18(최대 6개월),서울,성동구,금남시장,시장당 15백만원 이내 (국비) 
"특성화 첫걸음(컨설팅)시장 육성사업(‘18년 24곳, ’19년 31곳 선정·지원)",2018,’18(최대 6개월),부산,중구,월드밸리상가,시장당 15백만원 이내 (국비) 
"특성화 첫걸음(컨설팅)시장 육성사업(‘18년 24곳, ’19년 31곳 선정·지원)",2018,’18(최대 6개월),부산,부산진구,서면지하도상가부전몰,시장당 15백만원 이내 (국비) 
"특성화 첫걸음(컨설팅)시장 육성사업(‘18년 24곳, ’19년 31곳 선정·지원)",2018,’18(최대 6개월),부산,사상구,사상시장,시장당 15백만원 이내 (국비) 
"특성화 첫걸음(컨설팅)시장 육성사업(‘18년 24곳, ’19년 31곳 선정·지원)",2018,’18(최대 6개월),부산,부산진구,당감새시장,시장당 15백만원 이내 (국비) 
"특성화 첫걸음(컨설팅)시장 육성사업(‘18년 24곳, ’19년 31곳 선정·지원)",2018,’18(최대 6개월),대구,달성군,화원전통시장,시장당 15백만원 이내 (국비) 
"특성화 첫걸음(컨설팅)시장 육성사업(‘18년 24곳, ’19년 31곳 선정·지원)",2018,’18(최대 6개월),대구,중구,번개시장,시장당 15백만원 이내 (국비) 
"특성화 첫걸음(컨설팅)시장 육성사업(‘18년 24곳, ’19년 31곳 선정·지원)",2018,’18(최대 6개월),인천,중구,개항누리길상점가,시장당 15백만원 이내 (국비) 
"특성화 첫걸음(컨설팅)시장 육성사업(‘18년 24곳, ’19년 31곳 선정·지원)",2018,’18(최대 6개월),인천,서구,양동경열로시장,시장당 15백만원 이내 (국비) 
"특성화 첫걸음(컨설팅)시장 육성사업(‘18년 24곳, ’19년 31곳 선정·지원)",2018,’18(최대 6개월),광주,동구,남광주해뜨는시장,시장당 15백만원 이내 (국비) 
"특성화 첫걸음(컨설팅)시장 육성사업(‘18년 24곳, ’19년 31곳 선정·지원)",2018,’18(최대 6개월),경기,부천시,원종중앙시장,시장당 15백만원 이내 (국비) 
"특성화 첫걸음(컨설팅)시장 육성사업(‘18년 24곳, ’19년 31곳 선정·지원)",2018,’18(최대 6개월),경기,수원시,장안문거북시장,시장당 15백만원 이내 (국비) 
"특성화 첫걸음(컨설팅)시장 육성사업(‘18년 24곳, ’19년 31곳 선정·지원)",2018,’18(최대 6개월),경기,부천시,원미종합시장,시장당 15백만원 이내 (국비) 
"특성화 첫걸음(컨설팅)시장 육성사업(‘18년 24곳, ’19년 31곳 선정·지원)",2018,’18(최대 6개월),경기,여주시,여주375아울렛,시장당 15백만원 이내 (국비) 
"특성화 첫걸음(컨설팅)시장 육성사업(‘18년 24곳, ’19년 31곳 선정·지원)",2018,’18(최대 6개월),경기,평택시,통복시장,시장당 15백만원 이내 (국비) 
"특성화 첫걸음(컨설팅)시장 육성사업(‘18년 24곳, ’19년 31곳 선정·지원)",2018,’18(최대 6개월),경기,평택시,안중시장,시장당 15백만원 이내 (국비) 
"특성화 첫걸음(컨설팅)시장 육성사업(‘18년 24곳, ’19년 31곳 선정·지원)",2018,’18(최대 6개월),강원,양구군,양구중앙시장,시장당 15백만원 이내 (국비) 
"특성화 첫걸음(컨설팅)시장 육성사업(‘18년 24곳, ’19년 31곳 선정·지원)",2018,’18(최대 6개월),경북,울진군,후포공설시장,시장당 15백만원 이내 (국비) 
"특성화 첫걸음(컨설팅)시장 육성사업(‘18년 24곳, ’19년 31곳 선정·지원)",2018,’18(최대 6개월),경북,안동시,안동중앙신시장,시장당 15백만원 이내 (국비) 
"특성화 첫걸음(컨설팅)시장 육성사업(‘18년 24곳, ’19년 31곳 선정·지원)",2018,’18(최대 6개월),경북,문경시,문경전통시장,시장당 15백만원 이내 (국비) 
"특성화 첫걸음(컨설팅)시장 육성사업(‘18년 24곳, ’19년 31곳 선정·지원)",2019,’19(최대 6개월),서울,종로구,종로신진시장,시장당 15백만원 이내 (국비) 
"특성화 첫걸음(컨설팅)시장 육성사업(‘18년 24곳, ’19년 31곳 선정·지원)",2019,’19(최대 6개월),서울,구로구,가리봉시장,시장당 15백만원 이내 (국비) 
"특성화 첫걸음(컨설팅)시장 육성사업(‘18년 24곳, ’19년 31곳 선정·지원)",2019,’19(최대 6개월),서울,구로구,고척골목상점가,시장당 15백만원 이내 (국비) 
"특성화 첫걸음(컨설팅)시장 육성사업(‘18년 24곳, ’19년 31곳 선정·지원)",2019,’19(최대 6개월),서울,동작구,사당1동먹자골목상점가,시장당 15백만원 이내 (국비) 
"특성화 첫걸음(컨설팅)시장 육성사업(‘18년 24곳, ’19년 31곳 선정·지원)",2019,’19(최대 6개월),서울,동대문구,답십리시장,시장당 15백만원 이내 (국비) 
"특성화 첫걸음(컨설팅)시장 육성사업(‘18년 24곳, ’19년 31곳 선정·지원)",2019,’19(최대 6개월),서울,광진구,화양제일시장,시장당 15백만원 이내 (국비) 
"특성화 첫걸음(컨설팅)시장 육성사업(‘18년 24곳, ’19년 31곳 선정·지원)",2019,’19(최대 6개월),강원,홍천군,홍천시장,시장당 15백만원 이내 (국비) 
"특성화 첫걸음(컨설팅)시장 육성사업(‘18년 24곳, ’19년 31곳 선정·지원)",2019,’19(최대 6개월),경기,여주시,여주세종시장,시장당 15백만원 이내 (국비) 
"특성화 첫걸음(컨설팅)시장 육성사업(‘18년 24곳, ’19년 31곳 선정·지원)",2019,’19(최대 6개월),경기,시흥시,정왕시장,시장당 15백만원 이내 (국비) 
"특성화 첫걸음(컨설팅)시장 육성사업(‘18년 24곳, ’19년 31곳 선정·지원)",2019,’19(최대 6개월),경기,과천시,제일쇼핑,시장당 15백만원 이내 (국비) 
"특성화 첫걸음(컨설팅)시장 육성사업(‘18년 24곳, ’19년 31곳 선정·지원)",2019,’19(최대 6개월),경기,과천시,과천상점가,시장당 15백만원 이내 (국비) 
"특성화 첫걸음(컨설팅)시장 육성사업(‘18년 24곳, ’19년 31곳 선정·지원)",2019,’19(최대 6개월),경기,남양주,남양주장현전통시장,시장당 15백만원 이내 (국비) 
"특성화 첫걸음(컨설팅)시장 육성사업(‘18년 24곳, ’19년 31곳 선정·지원)",2019,’19(최대 6개월),인천,남동구,구월도매전통시장,시장당 15백만원 이내 (국비) 
"특성화 첫걸음(컨설팅)시장 육성사업(‘18년 24곳, ’19년 31곳 선정·지원)",2019,’19(최대 6개월),인천,중구,신포상가연합회,시장당 15백만원 이내 (국비) 
"특성화 첫걸음(컨설팅)시장 육성사업(‘18년 24곳, ’19년 31곳 선정·지원)",2019,’19(최대 6개월),인천,중구,신흥시장,시장당 15백만원 이내 (국비) 
"특성화 첫걸음(컨설팅)시장 육성사업(‘18년 24곳, ’19년 31곳 선정·지원)",2019,’19(최대 6개월),대전,중구,중촌동맞춤거리상점가,시장당 15백만원 이내 (국비) 
"특성화 첫걸음(컨설팅)시장 육성사업(‘18년 24곳, ’19년 31곳 선정·지원)",2019,’19(최대 6개월),충북,단양군,매포전통시장,시장당 15백만원 이내 (국비) 
"특성화 첫걸음(컨설팅)시장 육성사업(‘18년 24곳, ’19년 31곳 선정·지원)",2019,’19(최대 6개월),충북,증평군,증평장뜰시장,시장당 15백만원 이내 (국비) 
"특성화 첫걸음(컨설팅)시장 육성사업(‘18년 24곳, ’19년 31곳 선정·지원)",2019,’19(최대 6개월),충북,옥천군,옥천공설시장,시장당 15백만원 이내 (국비) 
"특성화 첫걸음(컨설팅)시장 육성사업(‘18년 24곳, ’19년 31곳 선정·지원)",2019,’19(최대 6개월),광주,동구,지산유원지상점가,시장당 15백만원 이내 (국비) 
"특성화 첫걸음(컨설팅)시장 육성사업(‘18년 24곳, ’19년 31곳 선정·지원)",2019,’19(최대 6개월),대구,남구,남부시장,시장당 15백만원 이내 (국비) 
"특성화 첫걸음(컨설팅)시장 육성사업(‘18년 24곳, ’19년 31곳 선정·지원)",2019,’19(최대 6개월),경북,영천시,금호공설시장,시장당 15백만원 이내 (국비) 
"특성화 첫걸음(컨설팅)시장 육성사업(‘18년 24곳, ’19년 31곳 선정·지원)",2019,’19(최대 6개월),부산,동래구,안락상가시장,시장당 15백만원 이내 (국비) 
"특성화 첫걸음(컨설팅)시장 육성사업(‘18년 24곳, ’19년 31곳 선정·지원)",2019,’19(최대 6개월),부산,동래구,명장시장,시장당 15백만원 이내 (국비) 
"특성화 첫걸음(컨설팅)시장 육성사업(‘18년 24곳, ’19년 31곳 선정·지원)",2019,’19(최대 6개월),부산,동구,수정전통시장,시장당 15백만원 이내 (국비) 
"특성화 첫걸음(컨설팅)시장 육성사업(‘18년 24곳, ’19년 31곳 선정·지원)",2019,’19(최대 6개월),부산,동구,성북전통시장,시장당 15백만원 이내 (국비) 
"특성화 첫걸음(컨설팅)시장 육성사업(‘18년 24곳, ’19년 31곳 선정·지원)",2019,’19(최대 6개월),부산,남구,용호1동골목시장,시장당 15백만원 이내 (국비) 
"특성화 첫걸음(컨설팅)시장 육성사업(‘18년 24곳, ’19년 31곳 선정·지원)",2019,’19(최대 6개월),부산,남구,용호삼성시장,시장당 15백만원 이내 (국비) 
"특성화 첫걸음(컨설팅)시장 육성사업(‘18년 24곳, ’19년 31곳 선정·지원)",2019,’19(최대 6개월),부산,중구,남포동건어물도매시장,시장당 15백만원 이내 (국비) 
"특성화 첫걸음(컨설팅)시장 육성사업(‘18년 24곳, ’19년 31곳 선정·지원)",2019,’19(최대 6개월),부산,사상구,모라전통시장,시장당 15백만원 이내 (국비) 
"특성화 첫걸음(컨설팅)시장 육성사업(‘18년 24곳, ’19년 31곳 선정·지원)",2019,’19(최대 6개월),경남,양산시,서창시장,시장당 15백만원 이내 (국비) 
청년상인 창업지원(54곳 선정·지원),2015,1년,인천,부평구,부평시장로타리지하상가,228
청년상인 창업지원(54곳 선정·지원),2015,1년,경북,경주시,경주중앙시장,228
청년상인 창업지원(54곳 선정·지원),2015,1년,서울,구로구,구로시장,273
청년상인 창업지원(54곳 선정·지원),2015,1년,대구,북구,동대구시장,228
청년상인 창업지원(54곳 선정·지원),2015,1년,광주,남구,무등시장,228
청년상인 창업지원(54곳 선정·지원),2015,1년,경남,창원시,부림시장,263
청년상인 창업지원(54곳 선정·지원),2015,1년,부산,중구,부산데파트,326
청년상인 창업지원(54곳 선정·지원),2015,1년,충남,부여군,부여시장,174
청년상인 창업지원(54곳 선정·지원),2015,1년,경북,구미시,선산종합시장,228
청년상인 창업지원(54곳 선정·지원),2015,1년,광주,광산구,송정역전매일시장,228
청년상인 창업지원(54곳 선정·지원),2015,1년,대전,중구,유천시장,228
청년상인 창업지원(54곳 선정·지원),2015,1년,경기,의정부,의정부제일시장,219
청년상인 창업지원(54곳 선정·지원),2015,1년,인천,남구,인천용현시장,228
청년상인 창업지원(54곳 선정·지원),2015,1년,서울,중구,인현시장,209
청년상인 창업지원(54곳 선정·지원),2015,1년,전북,전주시,전주신중앙시장,228
청년상인 창업지원(54곳 선정·지원),2015,1년,충북,제천시,제천중앙시장,276
청년상인 창업지원(54곳 선정·지원),2015,1년,강원,원주시,중앙시장,228
청년상인 창업지원(54곳 선정·지원),2015,1년,인천,동구,중앙시장,228
청년상인 창업지원(54곳 선정·지원),2015,1년,대전,중구,태평전통시장,228
청년상인 창업지원(54곳 선정·지원),2015,1년,경북,경산시,하양공설시장,228
청년상인 창업지원(54곳 선정·지원),2016,1년,인천,서구,강남시장,248
청년상인 창업지원(54곳 선정·지원),2016,1년,부산,수영구,광안상가시장,250
청년상인 창업지원(54곳 선정·지원),2016,1년,부산,중구,국제시장,250
청년상인 창업지원(54곳 선정·지원),2016,1년,경기,평택시,국제중앙시장,125
청년상인 창업지원(54곳 선정·지원),2016,1년,서울,성북구,길음시장,128
청년상인 창업지원(54곳 선정·지원),2016,1년,서울,금천구,대명여울빛거리시장,150
청년상인 창업지원(54곳 선정·지원),2016,1년,강원,동해시,동쪽바다중앙시장,250
청년상인 창업지원(54곳 선정·지원),2016,1년,대구,달서구,두류종합시장,250
청년상인 창업지원(54곳 선정·지원),2016,1년,서울,성동구,뚝도시장,175
청년상인 창업지원(54곳 선정·지원),2016,1년,충북,청주시,북부시장,106
청년상인 창업지원(54곳 선정·지원),2016,1년,강원,속초시,속초관광수산시장,200
청년상인 창업지원(54곳 선정·지원),2016,1년,경북,영주시,신영주번개시장,150
청년상인 창업지원(54곳 선정·지원),2016,1년,대구,서구,신평리시장,250
청년상인 창업지원(54곳 선정·지원),2016,1년,경북,안동시,안동중앙신시장,200
청년상인 창업지원(54곳 선정·지원),2016,1년,경기,용인시,용인중앙시장,125
청년상인 창업지원(54곳 선정·지원),2016,1년,강원,춘천시,육림고개상점가,250
청년상인 창업지원(54곳 선정·지원),2016,1년,전남,장흥군,정남진장흥토요시장,250
청년상인 창업지원(54곳 선정·지원),2016,1년,경남,진주시,진주중앙시장,325
청년상인 창업지원(54곳 선정·지원),2016,1년,충남,천안시,천안명동패션상점가,144
청년상인 창업지원(54곳 선정·지원),2016,1년,충남,논산시,화지중앙시장,200
청년상인 창업지원(54곳 선정·지원),2017,1년,경기,과천시,과천새서울프라자,227
청년상인 창업지원(54곳 선정·지원),2017,1년,경기,성남시,금호시장,97
청년상인 창업지원(54곳 선정·지원),2017,1년,서울,중구,남대문시장,300
청년상인 창업지원(54곳 선정·지원),2017,1년,서울,은평구,대림시장,150
청년상인 창업지원(54곳 선정·지원),2017,1년,서울,성동구,뚝도시장,250
청년상인 창업지원(54곳 선정·지원),2017,1년,서울,강동구,명일전통시장,225
청년상인 창업지원(54곳 선정·지원),2017,1년,대구,서구,서부시장,250
청년상인 창업지원(54곳 선정·지원),2017,1년,강원,속초시,속초관광수산시장,250
청년상인 창업지원(54곳 선정·지원),2017,1년,서울,강북구,수유시장,175
청년상인 창업지원(54곳 선정·지원),2017,1년,경남,양산시,양산남부시장,375
청년상인 창업지원(54곳 선정·지원),2017,1년,부산,남구,용호삼성시장,175
청년상인 창업지원(54곳 선정·지원),2017,1년,경북,김천시,평화시장,119
청년상인 창업지원(54곳 선정·지원),2017,1년,경북,김천시,황금시장,131
청년상인 창업지원(54곳 선정·지원),2017,1년,경남,창원시,회성종합시장,125
청년몰 조성사업(40곳 선정·지원),2016,‘16~’17,인천,강화군,강화중앙시장,500
청년몰 조성사업(40곳 선정·지원),2016,‘16~’17,충북,충주시,관아골상가,746
청년몰 조성사업(40곳 선정·지원),2016,‘16~’17,전북,군산시,군산공설시장,750
청년몰 조성사업(40곳 선정·지원),2016,‘16~’17,경북,경주시,북부상가시장,750
청년몰 조성사업(40곳 선정·지원),2016,‘16~’17,전북,전주시,서부시장상점가,750
청년몰 조성사업(40곳 선정·지원),2016,‘16~’17,경북,구미시,선산봉황(종합)시장,750
청년몰 조성사업(40곳 선정·지원),2016,‘16~’17,경기,수원시,영동시장,750
청년몰 조성사업(40곳 선정·지원),2016,‘16~’17,강원,원주시,원주중앙시장,750
청년몰 조성사업(40곳 선정·지원),2016,‘16~’17,서울,서대문구,이대앞스타트업상점가,750
청년몰 조성사업(40곳 선정·지원),2016,‘16~’17,충북,제천시,제천중앙시장,750
청년몰 조성사업(40곳 선정·지원),2016,‘16~’17,대전,동구,중앙메가프라자,750
청년몰 조성사업(40곳 선정·지원),2016,‘16~’17,경남,진주시,진주중앙지하도상가,750
청년몰 조성사업(40곳 선정·지원),2016,‘16~’17,충남,천안시,천안명동대흥로상점가,711
청년몰 조성사업(40곳 선정·지원),2016,‘16~’17,경기,평택시,통복시장,750
청년몰 조성사업(40곳 선정·지원),2017,‘17~’18,부산,중구,국제시장,649
청년몰 조성사업(40곳 선정·지원),2017,‘17~’18,충남,금산군,금산시장,407
청년몰 조성사업(40곳 선정·지원),2017,‘17~’18,경북,문경시,문경중앙시장,568
청년몰 조성사업(40곳 선정·지원),2017,‘17~’18,대구,북구,산격종합시장,649
청년몰 조성사업(40곳 선정·지원),2017,‘17~’18,부산,부산진구,서면시장,750
청년몰 조성사업(40곳 선정·지원),2017,‘17~’18,인천,중구,신포시장,750
청년몰 조성사업(40곳 선정·지원),2017,‘17~’18,경북,안동시,안동중앙신시장,750
청년몰 조성사업(40곳 선정·지원),2017,‘17~’18,전남,여수시,여수중앙시장,750
청년몰 조성사업(40곳 선정·지원),2017,‘17~’18,강원,춘천시,육림고개상점가,750
청년몰 조성사업(40곳 선정·지원),2017,‘17~’18,강원,정선군,정선아리랑시장,750
청년몰 조성사업(40곳 선정·지원),2017,‘17~’18,경남,진주시,진주중앙시장,568
청년몰 조성사업(40곳 선정·지원),2017,‘17~’18,대구,달성군,현풍백년도깨비시장,750
청년몰 조성사업(40곳 선정·지원),2018,‘18~’19,서울,동대문구,경동시장,750
청년몰 조성사업(40곳 선정·지원),2018,‘18~’19,경남,김해시,김해전통시장(김해동상시장),1139
청년몰 조성사업(40곳 선정·지원),2018,‘18~’19,전북,완주군,삼례시장,548
청년몰 조성사업(40곳 선정·지원),2018,‘18~’19,강원,삼척시,삼척중앙시장,1379
청년몰 조성사업(40곳 선정·지원),2018,‘18~’19,강원,속초시,설악로데오거리상점가,1500
청년몰 조성사업(40곳 선정·지원),2018,‘18~’19,울산,남구,신정평화시장,588
청년몰 조성사업(40곳 선정·지원),2018,‘18~’19,강원,정선군,정선사북시장,407
청년몰 조성사업(40곳 선정·지원),2018,‘18~’19,제주,제주시,제주중앙로상점가,1200
청년몰 조성사업(40곳 선정·지원),2018,‘18~’19,전북,진안군,진안고원시장,548
청년몰 조성사업(40곳 선정·지원),2019,‘19~’20,전북,김제시,김제전통시장,500
청년몰 조성사업(40곳 선정·지원),2019,‘19~’20,대구,중구,대구약령시장,750
청년몰 조성사업(40곳 선정·지원),2019,‘19~’20,제주,제주시,동문공설시장,750
청년몰 조성사업(40곳 선정·지원),2019,‘19~’20,경기,안산시,신안코아전통시장,1500
청년몰 조성사업(40곳 선정·지원),2019,‘19~’20,경기,의정부시,의정부제일시장,1000
청년몰 확장사업(9곳 선정·지원),2018,’18,전북,군산시,군산공설시장,500
청년몰 확장사업(9곳 선정·지원),2018,’18,충남,금산시,금산시장,500
청년몰 확장사업(9곳 선정·지원),2018,’18,경남,양산시,양산남부시장,500
청년몰 확장사업(9곳 선정·지원),2018,’18,전남,여수시,여수중앙시장,500
청년몰 확장사업(9곳 선정·지원),2018,’18,경기,수원시,영동시장,50
청년몰 확장사업(9곳 선정·지원),2018,’18,강원,정선군,정선아리랑시장,500
청년몰 확장사업(9곳 선정·지원),2018,’18,충남,천안시,천안명동대흥로상점가,100
청년몰 확장사업(9곳 선정·지원),2018,’18,경남,진주시,진주중앙지하도상가,250
청년몰 확장사업(9곳 선정·지원),2019,’19,서울,성동구,뚝도시장,500
청년몰 활성화사업(17곳 선정·지원),2018,‘18,인천,중구,개항누리길상점가(신포국제시장),150
청년몰 활성화사업(17곳 선정·지원),2018,‘18,전북,군산시,군산공설시장,150
청년몰 활성화사업(17곳 선정·지원),2018,‘18,충남,금산시,금산시장,150
청년몰 활성화사업(17곳 선정·지원),2018,‘18,경북,문경시,문경중앙시장,150
청년몰 활성화사업(17곳 선정·지원),2018,‘18,대구,북구,산격종합시장,150
청년몰 활성화사업(17곳 선정·지원),2018,‘18,경남,양산시,양산남부시장,150
청년몰 활성화사업(17곳 선정·지원),2018,‘18,전남,여수시,여수중앙시장,150
청년몰 활성화사업(17곳 선정·지원),2018,‘18,경기,수원시,영동시장,150
청년몰 활성화사업(17곳 선정·지원),2018,‘18,강원,원주시,원주중앙시장,150
청년몰 활성화사업(17곳 선정·지원),2018,‘18,강원,정선군,정선아리랑시장,150
청년몰 활성화사업(17곳 선정·지원),2018,‘18,대전,동구,중앙메가프라자,150
청년몰 활성화사업(17곳 선정·지원),2018,‘18,경남,진주시,진주중앙지하도상가,150
청년몰 활성화사업(17곳 선정·지원),2018,‘18,충남,천안시,천안명동대흥로상점가,50
청년몰 활성화사업(17곳 선정·지원),2018,‘18,광주,광산구,1913송정역시장,150
청년몰 활성화사업(17곳 선정·지원),2018,‘18,부산,부산진구,서면시장,150
청년몰 활성화사업(17곳 선정·지원),2018,‘18,강원,춘천시,육림고개상점가,150
청년몰 활성화사업(17곳 선정·지원),2019,‘19,서울,성동구,뚝도시장,150
청년몰 확장사업(9곳 선정·지원),2019,’19,경남,진주시,진주중앙지하도상가,500
청년몰 활성화사업(17곳 선정·지원),2019,’19,광주,광산구,1913송정역시장,150
청년몰 활성화사업(17곳 선정·지원),2019,’19,강원,춘천시,육림고개상점가,125
청년몰 활성화사업(17곳 선정·지원),2019,’19,부산,부산진구,서면시장,150
지역 선도시장,2020,‘19~’20,충남,서천군,서천특화시장,450
지역 선도시장,2020,‘20~'21,대구,수성구,신매시장,540
첫걸음 기반조성,2020,‘20(단년도사업),서울,관악구,관악신사시장,140
첫걸음 기반조성,2020,‘20(단년도사업),서울,성동구,금남시장,140
첫걸음 기반조성,2020,‘20(단년도사업),서울,중구,삼익패션타운,150
첫걸음 기반조성,2020,‘20(단년도사업),강원,인제군,원통시장,108
첫걸음 기반조성,2020,‘20(단년도사업),부산,연제구,연동골목시장,162
첫걸음 기반조성,2020,‘20(단년도사업),부산,부산진구,당감새시장,168
첫걸음 기반조성,2020,‘20(단년도사업),울산,남구,신정시장,135
첫걸음 기반조성,2020,‘20(단년도사업),경남,진주시,진주자유시장,112
첫걸음 기반조성,2020,‘20(단년도사업),대구,달성군,화원전통시장,104
첫걸음 기반조성,2020,‘20(단년도사업),경북,포항시,포항대해불빛시장,140
첫걸음 기반조성,2020,‘20(단년도사업),경북,문경시,문경전통시장,108
첫걸음 기반조성,2020,‘20(단년도사업),경북,경산시,경산공설시장,140
첫걸음 기반조성,2020,‘20(단년도사업),경북,의성군,안계정기시장,108
첫걸음 기반조성,2020,‘20(단년도사업),경기,부천시,원미종합시장,135
첫걸음 기반조성,2020,‘20(단년도사업),경기,안산시,한대앞역상점가,112
첫걸음 기반조성,2020,‘20(단년도사업),경기,평택시,안중시장,112
첫걸음 기반조성,2020,‘20(단년도사업),경기,시흥시,도일시장,108
첫걸음 기반조성,2020,‘20(단년도사업),인천,동구,현대시장,145
첫걸음 기반조성,2020,‘20(단년도사업),인천,남동구,구월도매전통시장,135
첫걸음 기반조성,2020,‘20(단년도사업),인천,서구,신거북시장,140
첫걸음 기반조성,2020,‘20(단년도사업),인천,서구,인천축산물시장,140
첫걸음 기반조성,2020,‘20(단년도사업),광주,동구,금남지하도상가 1공구,168
첫걸음 기반조성,2020,‘20(단년도사업),광주,서구,양동경열로시장,162
첫걸음 기반조성,2020,‘20(단년도사업),광주,광산구,월곡시장,156
첫걸음 기반조성,2020,‘20(단년도사업),전북,전주시,전북대대학로상점가,140
첫걸음 기반조성,2020,‘20(단년도사업),전남,순천시,순천지하도상가 씨내몰,135
첫걸음 기반조성,2020,‘20(단년도사업),충북,청주시,오창전통시장,135
첫걸음 기반조성,2020,‘20(단년도사업),충북,음성군,음성전통시장,140
첫걸음 기반조성,2020,‘20(단년도사업),충남,공주시,유구시장,108
첫걸음 기반조성,2020,‘20(단년도사업),충남,태안군,안면도수산시장,104
첫걸음 컨설팅,2020,‘20(단년도사업),서울,동작구,남성역골목시장,15
첫걸음 컨설팅,2020,‘20(단년도사업),서울,송파구,풍납시장,15
첫걸음 컨설팅,2020,‘20(단년도사업),서울,송파구,문정동로데오상점가,15
첫걸음 컨설팅,2020,‘20(단년도사업),서울,종로구,통인시장,15
첫걸음 컨설팅,2020,‘20(단년도사업),서울,중구,인현시장,15
첫걸음 컨설팅,2020,‘20(단년도사업),강원,영월군,영월중앙시장(상점가),15
첫걸음 컨설팅,2020,‘20(단년도사업),부산,동래구,충렬상가시장,15
첫걸음 컨설팅,2020,‘20(단년도사업),부산,동래구,사직시장,15
첫걸음 컨설팅,2020,‘20(단년도사업),경남,창원시,회성종합시장,15
첫걸음 컨설팅,2020,‘20(단년도사업),경북,군위군,군위전통시장,15
첫걸음 컨설팅,2020,‘20(단년도사업),경북,영주시,풍기인삼홍삼상점가,15
첫걸음 컨설팅,2020,‘20(단년도사업),경북,영주시,소백쇼핑몰,15
첫걸음 컨설팅,2020,‘20(단년도사업),광주,서구,양동산업용품시장,15
첫걸음 컨설팅,2020,‘20(단년도사업),광주,서구,화정동서부시장,15
첫걸음 컨설팅,2020,‘20(단년도사업),전남,구례군,구례5일시장,15
첫걸음 컨설팅,2020,‘20(단년도사업),제주,제주시,누웨마루상가,15
첫걸음 컨설팅,2020,‘20(단년도사업),경기,이천시,관고전통시장,15
첫걸음 컨설팅,2020,‘20(단년도사업),경기,이천시,장호원전통시장,15
첫걸음 컨설팅,2020,‘20(단년도사업),경기,안양시,안양관양시장,15
첫걸음 컨설팅,2020,‘20(단년도사업),충남,서천군,장항전통시장,15
청년몰 조성,2020,‘20~'21,경남,거창군,거창전통시장,927
청년몰 조성,2020,‘20~'21,경북,김천시,김천평화시장,750
청년몰 조성,2020,‘20~'21,경기,안산시,다농마트전통시장,1500
청년몰 확장,2020,‘20,강원,춘천시,육림고개상점가,500
청년몰 확장,2020,‘20,울산,남구,신정평화시장,401
청년몰 확장,2020,‘20,강원,속초시,설악로데오거리상점가,500
청년몰 확장,2020,‘20,제주,제주시,중앙로상점가,125
청년몰 활성화,2020,‘20,강원,삼척시,삼척중앙시장,150
청년몰 활성화,2020,‘20,서울,동대문구,경동시장,150
청년몰 활성화,2020,‘20,대구,달성군,현풍백년도깨비시장,150
청년몰 활성화,2020,‘20,전북,완주군,삼례시장,150
청년몰 활성화,2020,‘20,전북,진안군,진안고원시장,150
청년몰 활성화,2020,‘20,울산,남구,신정평화시장,180
청년몰 활성화,2020,‘20,강원,속초시,설악로데오거리상점가,150
청년몰 활성화,2020,‘20,경남,김해시,동상시장,150
청년몰 활성화,2020,‘20,제주,제주시,중앙로상점가,95
문화관광형 시장,2021,‘20~'21,서울,구로구,구로시장,225
문화관광형 시장,2021,‘20~'21,서울,동작구,남성사계시장,225
문화관광형 시장,2021,‘20~'21,서울,성북구,정릉시장,225
문화관광형 시장,2021,‘20~'21,서울,양천구,신월1동신영시장,250
문화관광형 시장,2021,‘20~'21,서울,은평구,연서시장,220
문화관광형 시장,2021,‘20~'21,서울,강서구,화곡중앙골목시장,220
문화관광형 시장,2021,‘20~'21,부산,부산진구,평화시장,264
문화관광형 시장,2021,‘20~'21,부산,사상구,르네시떼,264
문화관광형 시장,2021,‘20~'21,부산,수영구,민락골목시장,264
문화관광형 시장,2021,‘20~'21,부산,해운대구,반송큰시장,270
문화관광형 시장,2021,‘20~'21,대구,달서구,서남신시장,282
문화관광형 시장,2021,‘20~'21,인천,부평구,부평문화의거리,264
문화관광형 시장,2021,‘20~'21,인천,서구,가좌시장,235
문화관광형 시장,2021,‘20~'21,인천,남동구,간석자유시장,225
문화관광형 시장,2021,‘20~'21,광주,남구,무등시장,282
문화관광형 시장,2021,‘20~'21,광주,동구,금남지하도상가 2공구,270
문화관광형 시장,2021,‘20~'21,광주,북구,패션의거리,300
문화관광형 시장,2021,‘20~'21,대전,동구,신도꼼지락시장,282
문화관광형 시장,2021,‘20~'21,대전,서구,한민시장,270
문화관광형 시장,2021,‘20~'21,울산,중구,젊음의거리,235
문화관광형 시장,2021,‘20~'21,울산,동구,남목전통시장,225
문화관광형 시장,2021,‘20~'21,경기,수원시,반딧불이연무시장,180
문화관광형 시장,2021,‘20~'21,경기,파주시,적성전통시장,188
문화관광형 시장,2021,‘20~'21,경기,부천시,부천상동시장,250
문화관광형 시장,2021,‘20~'21,경기,안산시,도리섬상점가,180
문화관광형 시장,2021,‘20~'21,강원,평창군,봉평전통시장,220
문화관광형 시장,2021,‘20~'21,강원,태백시,황지자유시장,180
문화관광형 시장,2021,‘20~'21,강원,강릉시,주문진건어물시장,225
문화관광형 시장,2021,‘20~'21,충북,단양군,단양구경시장,180
문화관광형 시장,2021,‘20~'21,충북,보은군,보은종합시장,220
문화관광형 시장,2021,‘20~'21,충북,충주시,옹달샘시장,176
문화관광형 시장,2021,‘20~'21,충북,청주시,내덕자연시장,220
문화관광형 시장,2021,‘20~'21,충북,충주시,성서문화의거리상점가,180
문화관광형 시장,2021,‘20~'21,충남,당진시,당진전통시장,200
문화관광형 시장,2021,‘20~'21,충남,홍성군,명동상가,225
문화관광형 시장,2021,‘20~'21,충남,보령시,한내시장,180
문화관광형 시장,2021,‘20~'21,경북,경주시,경주중앙시장,220
문화관광형 시장,2021,‘20~'21,경남,김해시,김해삼방시장,235
문화관광형 시장,2021,‘20~'21,경남,창원시,창동통합상가,220
문화관광형 시장,2021,‘20~'21,경남,창원시,명서시장,235
문화관광형 시장,2021,‘20~'21,경남,창원시,가음정시장,220
문화관광형 시장,2021,‘20~'21,전북,무주군,무주반딧불시장,200
문화관광형 시장,2021,‘20~'21,전남,광양시,중마시장,180
문화관광형 시장,2021,‘20~'21,전남,나주시,나주목사고을시장,235
문화관광형 시장,2021,‘20~'21,전남,완도군,완도전통시장,220
문화관광형 시장,2021,‘21~'22,서울,종로구,세종마을음식문화거리,230
문화관광형 시장,2021,‘21~'22,서울,용산구,용산용문전통시장,230
문화관광형 시장,2021,‘21~'22,서울,양천구,목사랑시장,220
문화관광형 시장,2021,‘21~'22,부산,동구,초량전통시장,264
문화관광형 시장,2021,‘21~'22,부산,남구,못골골목시장,276
문화관광형 시장,2021,‘21~'22,부산,사하구,괴정골목시장,276
문화관광형 시장,2021,‘21~'22,대구,북구,서변중앙시장,252
문화관광형 시장,2021,‘21~'22,대구,달서구,와룡시장,276
문화관광형 시장,2021,‘21~'22,인천,미추홀구,석바위시장,276
문화관광형 시장,2021,‘21~'22,인천,남동구,인천모래내전통시장,276
문화관광형 시장,2021,‘21~'22,인천,계양구,계산시장,230
문화관광형 시장,2021,‘21~'22,광주,동구,남광주시장,276
문화관광형 시장,2021,‘21~'22,광주,동구,조대 장미의 거리,276
문화관광형 시장,2021,‘21~'22,광주,북구,말바우시장,300
문화관광형 시장,2021,‘21~'22,광주,광산구,월곡시장,210
문화관광형 시장,2021,‘21~'22,대전,동구,대전역전지하상가,276
문화관광형 시장,2021,‘21~'22,대전,중구,중앙로지하상가,300
문화관광형 시장,2021,‘21~'22,울산,남구,야음상가시장,230
문화관광형 시장,2021,‘21~'22,울산,남구,신정시장,220
문화관광형 시장,2021,‘21~'22,경기,부천시,부천중동시장,220
문화관광형 시장,2021,‘21~'22,경기,평택시,통복시장,200
문화관광형 시장,2021,‘21~'22,경기,군포시,산본시장,184
문화관광형 시장,2021,‘21~'22,경기,부천시,원미종합시장,230
문화관광형 시장,2021,‘21~'22,강원,원주시,중앙시민전통시장,176
문화관광형 시장,2021,‘21~'22,강원,정선군,고한구공탄시장,176
문화관광형 시장,2021,‘21~'22,충북,청주시,가경터미널시장,220
문화관광형 시장,2021,‘21~'22,충북,청주시,청주사창시장,220
문화관광형 시장,2021,‘21~'22,충북,음성군,무극시장,230
문화관광형 시장,2021,‘21~'22,충남,금산군,금산시장,176
문화관광형 시장,2021,‘21~'22,충남,공주시,유구시장,176
문화관광형 시장,2021,‘21~'22,충남,태안군,안면도수산시장,210
문화관광형 시장,2021,‘21~'22,경북,포항시,큰동해시장,230
문화관광형 시장,2021,‘21~'22,경북,김천시,김천평화시장,184
문화관광형 시장,2021,‘21~'22,경북,안동시,안동중앙신시장,192
문화관광형 시장,2021,‘21~'22,경남,창원시,창원반송시장,230
문화관광형 시장,2021,‘21~'22,경남,거제시,거제고현시장,230
문화관광형 시장,2021,‘21~'22,경남,거창군,거창시장,184
문화관광형 시장,2021,‘21~'22,전북,전주시,전주모래내시장,230
문화관광형 시장,2021,‘21~'22,전북,김제시,김제전통시장,220
문화관광형 시장,2021,‘21~'22,전남,목포시,자유시장,230
문화관광형 시장,2021,‘21~'22,전남,여수시,(주)여수수산시장,184
문화관광형 시장,2021,‘21~'22,전남,강진군,강진중앙로상가,220
지역 선도시장,2021,‘20~'21,대구,수성구,신매시장,540
첫걸음 기반조성,2021,‘21(단년도사업),서울,노원구,공릉동도깨비시장,140
첫걸음 기반조성,2021,‘21(단년도사업),서울,마포구,망원동월드컵시장,135
첫걸음 기반조성,2021,‘21(단년도사업),인천,부평구,부평시장로타리지하상가,168
첫걸음 기반조성,2021,‘21(단년도사업),광주,북구,광주자동차의거리,168
첫걸음 기반조성,2021,‘21(단년도사업),울산,중구,중앙길(문화의거리)상가,168
첫걸음 기반조성,2021,‘21(단년도사업),경기,이천시,관고전통시장,112
첫걸음 기반조성,2021,‘21(단년도사업),경기,이천시,예스파크상점가,112
첫걸음 기반조성,2021,‘21(단년도사업),경북,포항시,구룡포시장,140
첫걸음 기반조성,2021,‘21(단년도사업),경남,하동군,화개장터,135
첫걸음 기반조성,2021,‘21(단년도사업),전남,여수시,(주)서시장,112
청년몰 조성,2021,‘21~'22,전북,익산시,익산중앙시장,1428
청년몰 확장,2021,‘21,강원,정선군,사북시장,400
청년몰 확장,2021,‘21,제주,제주시,동문공설시장,100
청년몰 활성화,2021,‘21,강원,정선군,사북시장,120
청년몰 활성화,2021,‘21,강원,속초시,설악로데오거리상점가,100
청년몰 활성화,2021,‘21,대구,중구,약령시장,150
청년몰 활성화,2021,‘21,전북,김제,김제전통시장,150
문화관광형 시장,2022,‘22~'23,서울,노원구,공릉동도깨비시장,230
문화관광형 시장,2022,‘22~'23,서울,은평구,연서시장,220
문화관광형 시장,2022,‘22~'23,서울,서대문구,영천시장,22
문화관광형 시장,2022,‘22~'23,서울,양천구,신월1동신영시장,230
문화관광형 시장,2022,‘22~'23,부산,부산진구,부산평화시장,251
문화관광형 시장,2022,‘22~'23,부산,사하구,신평골목시장,264
문화관광형 시장,2022,‘22~'23,부산,연제구,연동골목시장,264
문화관광형 시장,2022,‘22~'23,부산,수영구,민락골목시장,264
문화관광형 시장,2022,‘22~'23,부산,기장군,기장시장,220
문화관광형 시장,2022,‘22~'23,대구,달성군,현풍백년도깨비시장,176
문화관광형 시장,2022,‘22~'23,인천,미추홀구,용현시장,276
문화관광형 시장,2022,‘22~'23,인천,남동구,구월시장,276
문화관광형 시장,2022,‘22~'23,인천,부평구,부평종합시장,251
문화관광형 시장,2022,‘22~'23,인천,서구,정서진중앙시장,276
문화관광형 시장,2022,‘22~'23,광주,동구,금남지하도상가,264
문화관광형 시장,2022,‘22~'23,광주,서구,양동건어물시장,240
문화관광형 시장,2022,‘22~'23,광주,남구,봉선시장,264
문화관광형 시장,2022,‘22~'23,광주,북구,패션의거리,264
문화관광형 시장,2022,‘22~'23,경기,수원시,정자시장,230
문화관광형 시장,2022,‘22~'23,경기,부천시,부천상동시장,209
문화관광형 시장,2022,‘22~'23,경기,부천시,역곡상상시장,220
문화관광형 시장,2022,‘22~'23,경기,오산시,오색시장,209
문화관광형 시장,2022,‘22~'23,경기,파주시,광탄시장,184
문화관광형 시장,2022,‘22~'23,경기,양평군,용문천년시장,184
문화관광형 시장,2022,‘22~'23,경기,이천시,예스파크상점가,184
문화관광형 시장,2022,‘22~'23,강원,태백시,황지자유시장,230
문화관광형 시장,2022,‘22~'23,강원,삼척시,삼척중앙시장,230
문화관광형 시장,2022,‘22~'23,강원,평창군,봉평전통시장,176
문화관광형 시장,2022,‘22~'23,충북,청주시,직지시장,220
문화관광형 시장,2022,‘22~'23,충북,제천시,내토전통시장,176
문화관광형 시장,2022,‘22~'23,충북,음성군,음성시장,230
문화관광형 시장,2022,‘22~'23,충남,보령시,보령중앙시장,220
문화관광형 시장,2022,‘22~'23,전북,진안군,진안고원시장,176
문화관광형 시장,2022,‘22~'23,전북,무주군,무주시장(반딧불장터),176
문화관광형 시장,2022,‘22~'23,전남,광양시,광양5일시장,184
문화관광형 시장,2022,‘22~'23,전남,광양시,중마시장,176
문화관광형 시장,2022,‘22~'23,경북,경산시,경산공설시장,230
문화관광형 시장,2022,‘22~'23,경남,창원시,봉곡시장,230
문화관광형 시장,2022,‘22~'23,경남,진주시,자유시장,176
문화관광형 시장,2022,‘22~'23,제주,제주시,중앙로상점가,184
문화관광형 시장,2022,‘21~'22,서울,종로구,세종마을음식문화거리,200
문화관광형 시장,2022,‘21~'22,서울,용산구,용산용문전통시장,200
문화관광형 시장,2022,‘21~'22,서울,양천구,목사랑시장,225
문화관광형 시장,2022,‘21~'22,부산,동구,초량전통시장,228
문화관광형 시장,2022,‘21~'22,부산,남구,못골골목시장,240
문화관광형 시장,2022,‘21~'22,부산,사하구,괴정골목시장,240
문화관광형 시장,2022,‘21~'22,대구,북구,서변중앙시장,228
문화관광형 시장,2022,‘21~'22,대구,달서구,와룡시장,300
문화관광형 시장,2022,‘21~'22,인천,미추홀구,석바위시장,270
문화관광형 시장,2022,‘21~'22,인천,남동구,인천모래내전통시장,240
문화관광형 시장,2022,‘21~'22,인천,계양구,계산시장,225
문화관광형 시장,2022,‘21~'22,광주,동구,남광주시장,228
문화관광형 시장,2022,‘21~'22,광주,동구,조대 장미의 거리,270
문화관광형 시장,2022,‘21~'22,광주,북구,말바우시장,228
문화관광형 시장,2022,‘21~'22,광주,광산구,월곡시장,200
문화관광형 시장,2022,‘21~'22,대전,동구,대전역전지하상가,240
문화관광형 시장,2022,‘21~'22,대전,중구,중앙로지하상가,240
문화관광형 시장,2022,‘21~'22,울산,남구,야음상가시장,190
문화관광형 시장,2022,‘21~'22,울산,남구,신정시장,200
문화관광형 시장,2022,‘21~'22,경기,부천시,부천중동시장,250
문화관광형 시장,2022,‘21~'22,경기,평택시,통복시장,160
문화관광형 시장,2022,‘21~'22,경기,군포시,산본시장,180
문화관광형 시장,2022,‘21~'22,경기,부천시,원미종합시장,200
문화관광형 시장,2022,‘21~'22,강원,원주시,중앙시민전통시장,160
문화관광형 시장,2022,‘21~'22,강원,정선군,고한구공탄시장,160
문화관광형 시장,2022,‘21~'22,충북,청주시,가경터미널시장,225
문화관광형 시장,2022,‘21~'22,충북,청주시,청주사창시장,200
문화관광형 시장,2022,‘21~'22,충북,음성군,무극시장,190
문화관광형 시장,2022,‘21~'22,충남,금산군,금산시장,152
문화관광형 시장,2022,‘21~'22,충남,공주시,유구시장,180
문화관광형 시장,2022,‘21~'22,충남,태안군,안면도수산시장,200
문화관광형 시장,2022,‘21~'22,경북,포항시,큰동해시장,225
문화관광형 시장,2022,‘21~'22,경북,김천시,김천평화시장,160
문화관광형 시장,2022,‘21~'22,경북,안동시,안동중앙신시장,152
문화관광형 시장,2022,‘21~'22,경남,창원시,창원반송시장,190
문화관광형 시장,2022,‘21~'22,경남,거제시,거제고현시장,200
문화관광형 시장,2022,‘21~'22,경남,거창군,거창시장,160
문화관광형 시장,2022,‘21~'22,전북,전주시,전주모래내시장,190
문화관광형 시장,2022,‘21~'22,전북,김제시,김제전통시장,200
문화관광형 시장,2022,‘21~'22,전남,목포시,자유시장,190
문화관광형 시장,2022,‘21~'22,전남,여수시,(주)여수수산시장,160
문화관광형 시장,2022,‘21~'22,전남,강진군,강진중앙로상가,200
첫걸음 기반조성,2022,‘22(단년도사업),서울,종로구,통인시장,135
첫걸음 기반조성,2022,‘22(단년도사업),서울,광진구,화양제일골목시장,135
첫걸음 기반조성,2022,‘22(단년도사업),서울,강북구,강북종합전통시장,135
첫걸음 기반조성,2022,‘22(단년도사업),서울,관악구,인헌시장,135
첫걸음 기반조성,2022,‘22(단년도사업),부산,동구,수정전통시장,162
첫걸음 기반조성,2022,‘22(단년도사업),부산,동래구,사직시장,162
첫걸음 기반조성,2022,‘22(단년도사업),부산,사하구,장림골목시장,162
첫걸음 기반조성,2022,‘22(단년도사업),대구,달서구,월배시장,162
첫걸음 기반조성,2022,‘22(단년도사업),대구,달서구,월배신시장,162
첫걸음 기반조성,2022,‘22(단년도사업),대구,달서구,성서아울렛상점가(가로형),162
첫걸음 기반조성,2022,‘22(단년도사업),인천,남동구,소래포구전통어시장,168
첫걸음 기반조성,2022,‘22(단년도사업),인천,부평구,일신시장(구 부일종합시장),162
첫걸음 기반조성,2022,‘22(단년도사업),인천,서구,루원음식문화거리 골목형상점가,162
첫걸음 기반조성,2022,‘22(단년도사업),광주,동구,남광주해뜨는시장,162
첫걸음 기반조성,2022,‘22(단년도사업),광주,동구,무등산상가거리상점가,162
첫걸음 기반조성,2022,‘22(단년도사업),대전,동구,용운시장,162
첫걸음 기반조성,2022,‘22(단년도사업),울산,동구,대송농수산물시장,162
첫걸음 기반조성,2022,‘22(단년도사업),경기,의정부시,의정부역지하상가,140
첫걸음 기반조성,2022,‘22(단년도사업),경기,이천시,사기막골도자기시장,108
첫걸음 기반조성,2022,‘22(단년도사업),충북,증평군,증평장뜰재래시장,135
첫걸음 기반조성,2022,‘22(단년도사업),충남,아산시,배방상점가,140
첫걸음 기반조성,2022,‘22(단년도사업),충남,당진시,합덕전통시장,135
첫걸음 기반조성,2022,‘22(단년도사업),전북,익산시,익산 구시장,135
첫걸음 기반조성,2022,‘22(단년도사업),전남,함평군,함평시장,135
첫걸음 기반조성,2022,‘22(단년도사업),경북,포항시,장량성도시장,135
첫걸음 기반조성,2022,‘22(단년도사업),경북,안동시,용상공설시장,135
첫걸음 기반조성,2022,‘22(단년도사업),경북,영주시,풍기인삼홍삼상점가,108
첫걸음 기반조성,2022,‘22(단년도사업),경북,칠곡군,왜관시장,140
첫걸음 기반조성,2022,‘22(단년도사업),경북,예천군,예천상설시장,108
첫걸음 기반조성,2022,‘22(단년도사업),경북,봉화군,봉화내성시장,108
첫걸음 기반조성,2022,‘22(단년도사업),경남,사천시,사천읍시장,135
디지털 전통시장,2022,‘22~'23,서울,광진구,중곡제일전통시장(중곡제일시장),75
디지털 전통시장,2022,‘22~'23,서울,강북구,수유전통시장,100
디지털 전통시장,2022,‘22~'23,서울,서대문구,포방터시장,75
디지털 전통시장,2022,‘22~'23,서울,금천구,남문시장,75
디지털 전통시장,2022,‘22~'23,서울,동작구,성대전통시장,75
디지털 전통시장,2022,‘22~'23,서울,강동구,암사종합시장,100
디지털 전통시장,2022,‘22~'23,부산,수영구,망미중앙시장,75
디지털 전통시장,2022,‘22~'23,인천,미추홀구,신기시장,100
디지털 전통시장,2022,‘22~'23,대전,동구,신도꼼지락시장,75
디지털 전통시장,2022,‘22~'23,세종,세종시,세종전통시장,100
디지털 전통시장,2022,‘22~'23,경기,수원시,화서시장,75
디지털 전통시장,2022,‘22~'23,경기,수원시,수원못골시장,75
디지털 전통시장,2022,‘22~'23,경기,성남시,성남중앙시장,75
디지털 전통시장,2022,‘22~'23,경기,안양시,안양중앙시장,100
디지털 전통시장,2022,‘22~'23,충남,천안시,천안중앙시장(구 남산중앙시장),75
디지털 전통시장,2022,‘22~'23,충남,당진시,당진전통시장,125
디지털 전통시장,2022,‘22~'23,전남,목포시,청호시장,75
디지털 전통시장,2022,‘22~'23,경북,문경시,점촌전통시장(구 신흥시장),75
디지털 전통시장,2022,‘22~'23,경북,문경시,문경중앙시장,125
디지털 전통시장,2022,‘22~'23,경북,경산시,하양꿈바우시장,75
디지털 전통시장,2022,‘22~'23,경북,청송군,진보시장,75
디지털 전통시장,2022,‘22~'23,제주,서귀포시,매일올레시장,100
청년몰 활성화,2022,‘22,충남,금산군,금산금빛시장,250
청년몰 활성화,2022,‘22,전북,김제시,김제전통시장,200
청년몰 활성화,2022,‘22,제주,제주시,제주중앙로상점가,155
청년몰 활성화,2022,‘22,강원,원주시, 미로예술원주중앙시장 ,250
청년몰 활성화,2022,‘22,강원,속초시, 설악로데오거리상점가 ,250
청년몰 활성화,2022,‘22,강원,삼척시, 삼척중앙시장 ,100
청년몰 활성화,2022,‘22,강원,정선군, 사북시장 ,200
청년몰 활성화,2022,‘22,경남,거창군, 거창전통시장 ,180
