순번,시장-상점가 구분,인정여부,시장크기,소유형태,시장-상점가명,취급상품,(1) 대표 품목,(2) 대표 품목,(3) 대표 품목,(4) 대표 품목,(5) 대표 품목
1,전통시장,인정시장,4,1,강남시장,2,음식점,판매점,의류업,미용,
2,전통시장,인정시장,4,4,신사상가,2,과일,생선,야채,방앗간,옷집
3,전통시장,인정시장,3,4,영동전통시장,2,떡,기름,반찬,정육,
4,전통시장,인정시장,3,4,청담삼익시장,2,의류,식당,학원,사무실,기타
5,전통시장,인정시장,3,4,고분다리전통시장,2,청과,야채,생선,,
6,전통시장,인정시장,3,4,길동복조리시장,2,농수산물,,,,
7,전통시장,인정시장,4,4,둔촌역전통시장,2,농산물,가공식품,,,
8,전통시장,인정시장,4,4,명일전통시장,2,농축수산물,,,,
9,전통시장,인정시장,4,1,성내전통시장,2,농산물,,,,
10,전통시장,인정시장,3,4,암사종합시장,2,정육,생선,야채,과일,떡류
11,전통시장,인정시장,4,1,강북북부시장,2,떡,채소,꽈배기,김밥,
12,전통시장,인정시장,4,4,강북종합전통시장,2,정육,떡,청과/야채,공산품,
13,전통시장,인정시장,4,1,동북시장,2,대형마트,화원,병원,,
14,전통시장,미인정시장,4,1,방천골목시장,2,생선,야채,정육,의류,식당
15,전통시장,미인정시장,4,2,번동북부골목시장,2,순대국,왕족발,,,
16,전통시장,미인정시장,4,4,솔샘시장,2,농산물,식당,과일,꽃,
17,전통시장,인정시장,4,1,수유북부시장,2,야채,정육,,,
18,전통시장,인정시장,4,1,수유시장,2,이불,가방,화장품,그릇,
19,전통시장,인정시장,3,4,수유재래시장,2,정육,생선,식당,반찬,의류잡화
20,전통시장,인정시장,4,1,수유전통시장(수유골목시장),2,정육,견과류,전집,청과야채,생선류
21,전통시장,미인정시장,4,4,수유중앙골목시장,2,야채,생선,정육,떡집,계란
22,전통시장,인정시장,4,1,수유중앙시장,2,슈퍼/잡화,야채/과일,정육,떡,문구
23,전통시장,인정시장,3,1,수유프라자,2,잡화,의류,가구,사무실,
24,전통시장,미인정시장,4,4,우이골목시장,2,축산물,야채,수산,건어물,음식
25,전통시장,인정시장,4,1,우이시장,2,마트,개인점포,떡집,,
26,전통시장,인정시장,3,4,장미원골목시장,2,떡,과일,정육,야채,"음식,잡화"
27,전통시장,미인정시장,4,4,삼양골목시장,2,과일,치킨,떡볶이,,
28,전통시장,인정시장,3,1,까치산시장,2,야채,축산,수산,과일,반찬
29,전통시장,인정시장,3,1,남부골목시장,1,손칼국수,농산물,축산물,수산물,
30,전통시장,인정시장,4,1,남부화곡시장,2,의류,슈퍼,약국,미용실,
31,전통시장,인정시장,4,1,대원종합시장,2,의류,먹거리,,,
32,전통시장,인정시장,4,1,등마루시장,2,식당,슈퍼마켓,자전거수리,카페,부동산
33,전통시장,인정시장,3,4,방신전통시장,2,과일,야채,정육,생선,건어물
34,전통시장,인정시장,4,1,신월중앙시장,2,식당,마트,부동산,,
35,전통시장,인정시장,4,4,화곡본동시장,2,축산물,수산물,농산물,슈퍼,
36,전통시장,인정시장,4,4,화곡중앙골목시장,2,가공식품,축산업,음식점,,
37,전통시장,미인정시장,4,2,강남골목시장,2,야채,생선/어패류,의류/신발,떡,가정용품
38,전통시장,인정시장,4,4,관악신사시장,2,야채,생선,고기,떡,의류
39,전통시장,인정시장,4,1,관악종합시장,2,귀금속,이불,의류,고기,미용
40,전통시장,미인정시장,4,4,미성동도깨비시장,2,음식점,의류,떡,과일,축산물
41,전통시장,인정시장,4,1,봉일시장,2,가공식품,의류/신발,음식점,축산물,근린생활서비스
42,전통시장,인정시장,4,4,봉천제일종합시장,2,채소,농산물,과일,수산,정육
43,전통시장,인정시장,4,1,봉천중앙시장,2,순대국,족발,철물,핸드폰가게,이불집
44,전통시장,인정시장,4,4,봉천현대시장,2,생활잡화,식품,마트,반찬가게,생선가게
45,전통시장,인정시장,4,1,신림종합시장,2,생활용품,농산물,축산물,음식점,가공식품
46,전통시장,인정시장,4,4,신림현대종합상가,2,음식점,정육점,기타소매,근린생활,
47,전통시장,인정시장,4,1,신신림시장,2,정육점,가공식품,,,
48,전통시장,인정시장,3,4,신원시장,2,신선식품,의류,공산품,농산물,수산물
49,전통시장,인정시장,4,1,우림시장,2,의류,가공식품,음식점,떡집,
50,전통시장,인정시장,4,4,인헌시장,2,정육,야채,과일,음식,반찬
51,전통시장,미인정시장,4,1,중부시장,2,어묵,치킨,야채,떡집,수산물
52,전통시장,인정시장,4,4,펭귄시장,2,과일,생선,정육점,떡집,야채
53,전통시장,미인정시장,4,2,영림시장,2,야채,과일,참기름,수산,식당
54,전통시장,인정시장,3,1,광성시장,2,야채,과일,정육,생선,떡
55,전통시장,인정시장,4,1,노룬산골목시장(인정시장),2,농산물,축산물,수산물,공산품,
56,전통시장,인정시장,4,1,노룬산시장(건물형),2,식품,식당,학원,스포츠센터,
57,전통시장,미인정시장,4,4,면곡시장(골목형)(미인정),2,축산물,농산물,음식점,의류,식당
58,전통시장,인정시장,4,1,신성종합시장(건물형),2,농산물,축산물,가공식품,떡집,
59,전통시장,인정시장,4,4,영동교골목시장,2,농산물,가공식품,축산,음식점,
60,전통시장,인정시장,3,1,자양전통시장,2,농산물,수산물,축산물,가공식품,가정용품
61,전통시장,인정시장,4,1,조양시장(건물형),2,농산물,가공식품,,,
62,전통시장,인정시장,3,4,중곡제일전통시장(중곡제일시장),2,농산물,가공식품,음식점,축산,기타소매업
63,전통시장,인정시장,4,4,화양제일골목시장,2,농산물,가공식품,음식점,일반소매업,축산
64,전통시장,인정시장,4,4,가리봉시장,1,농산물,수산물,식료품,중국식품,음식점
65,전통시장,인정시장,4,1,개봉중앙시장,2,떡방앗간,자매식당(음식점),정육점,돈까스전문점,이마트
66,전통시장,인정시장,4,4,개봉프라자,1,의류,,,,
67,전통시장,인정시장,4,4,고척근린시장,2,농산,수산,축산,식품,의류
68,전통시장,인정시장,3,4,구로시장,2,의류,한복,이불,고춧가루,참기름
69,전통시장,인정시장,3,4,남구로시장,2,정육,과일,야채,의류,잡화
70,전통시장,인정시장,3,4,남문시장,2,정육,생선,야채,과일,건어물
71,전통시장,인정시장,4,4,은행나무시장,2,농산물,축산물,수산물,,
72,전통시장,인정시장,3,4,현대시장,2,농수축산물,공산품,건어물,제조가공식품,의류 등
73,전통시장,인정시장,3,4,공릉동도깨비시장,2,야채,생선,정육,떡 제조,두부
74,전통시장,인정시장,4,4,상계중앙시장,2,정육,청과,채소,공산품,
75,전통시장,인정시장,4,4,방학동도깨비시장,2,정육,수산,야채,청과,가공
76,전통시장,인정시장,4,4,백운시장,2,정육,야채,쌀,슈퍼,건어물
77,전통시장,인정시장,4,1,신도봉시장,2,슈퍼,생선,양곡,그릇,
78,전통시장,인정시장,4,4,창동골목시장,2,정육,청과,야채,반찬,수산
79,전통시장,인정시장,4,4,창동신창시장,2,야채,정육,생선,과일,닭
80,전통시장,인정시장,4,4,경동광성상가,2,야채,생선,견과류,잡화류,
81,전통시장,인정시장,4,4,답십리시장,2,반찬,떡,정육,식당,생선
82,전통시장,인정시장,4,4,답십리현대시장,2,곱창,야채,과일,,
83,전통시장,인정시장,4,1,동부시장,2,의류,댄스교습소,식당,,
84,전통시장,인정시장,4,1,동서시장,1,과일 전품목,,,,
85,전통시장,인정시장,2,4,서울약령시장,1,당귀,녹용,쌍화탕,황기,구기자
86,전통시장,인정시장,4,1,전농로터리시장,2,농산물,축산물,수산물,,
87,전통시장,인정시장,3,4,청량리농수산물시장,1,농산물,수산물,,,
88,전통시장,인정시장,3,4,청량리수산시장,1,자반,해산물,동태,수산물,
89,전통시장,인정시장,4,4,청량리전통시장,2,농축수산물,공산품,일반음식점,가공제조업,
90,전통시장,인정시장,3,4,청량리종합시장,2,과일,야채,,,
91,전통시장,인정시장,3,4,청량리청과물시장,1,수박,참외,토마토,자몽,바나나
92,전통시장,인정시장,4,4,청량종합도매시장(깡통시장),2,음료/커피,식재료,,,
93,전통시장,인정시장,4,3,회기시장,2,음식점,미용실,떡집,쌀가게,
94,전통시장,인정시장,4,4,강남시장,2,식당,,,,
95,전통시장,인정시장,3,4,남성시장,2,야채,과일,정육,속옷,
96,전통시장,인정시장,4,4,남성역골목시장,2,정육점,청과,,,
97,전통시장,미인정시장,4,4,노량진중앙시장,2,음식점,미용실,부동산,,
98,전통시장,미인정시장,3,4,만양로 상점가,2,음식점,,,,
99,전통시장,인정시장,4,4,본동인정시장,2,생선,떡,방앗간,야채/과일,옷가게
100,전통시장,인정시장,4,1,사당시장,2,생활용품,식품,병원,약국,
101,전통시장,미인정시장,4,4,상도4동 도깨비시장,2,정육점,생선,"계란,닭",슈퍼,
102,전통시장,인정시장,4,4,상도전통시장,2,배달음식,반찬,정육,야채,
103,전통시장,인정시장,4,1,성대시장,2,공산품,농축수산물,의류,잡화,
104,전통시장,인정시장,4,4,성대전통시장,2,과일,정육,족발,생선,닭강정
105,전통시장,미인정시장,4,2,신대방1동 골목시장,2,음식점,미용실,속옷집,이불가게,
106,전통시장,인정시장,4,1,영도시장,2,옷가게,이불,기름집,분식,
107,전통시장,미인정시장,4,4,흑석시장,2,음식점,떡집,정육,미용실,
108,전통시장,인정시장,4,1,공덕시장,2,농산물,음식점,수산물,마트,
109,전통시장,인정시장,3,3,마포농수산물시장,1,농산물,수산물,마트,,
110,전통시장,인정시장,4,4,망원동월드컵시장,2,야채,과일,정육,반찬,
111,전통시장,인정시장,4,4,망원시장,2,야채,과일,정육,의류,
112,전통시장,인정시장,4,1,서교시장,1,축산,제병,기름,한복,
113,전통시장,인정시장,3,4,아현시장,2,음식,농수산물,의류,생활용품,
114,전통시장,인정시장,4,1,영진시장,2,식당,방앗간,수선실,,
115,전통시장,인정시장,4,4,백련시장,2,농산물,축산물,의류,야채류,식당
116,전통시장,인정시장,4,1,연희사러가,2,슈퍼마켓,의류,식당,잡화,식품
117,전통시장,인정시장,3,4,영천시장,2,채소,과일,정육,수산,떡
118,전통시장,인정시장,4,1,유진상가,2,청과,의류,침구류,식품,식당
119,전통시장,인정시장,3,1,인왕시장,2,농산물,수산물,청과,건어물,
120,전통시장,인정시장,4,1,남부종합시장,2,식당,,,,
121,전통시장,인정시장,4,4,양재시장,2,식당,주점,,,
122,전통시장,인정시장,3,4,금남시장,2,건어물,기름,고춧가루,반찬류,
123,전통시장,인정시장,3,4,뚝도시장,2,생선,야채,건어물,,
124,전통시장,인정시장,2,4,마장축산물시장,1,축산물(소),돼지,부산물,,
125,전통시장,인정시장,3,4,용답상가시장,2,음식점,야채가게,과일가게,,
126,전통시장,인정시장,4,1,길음시장,2,건어물,의류,축산,수산물,
127,전통시장,인정시장,3,1,돈암시장,2,식자재,생선,식당,농산물,의류
128,전통시장,미인정시장,4,4,밤나무골시장,2,야채,생선,잡화,기름,
129,전통시장,인정시장,4,1,석관시장,2,마트,안경,분식,옷가게,기타
130,전통시장,인정시장,4,1,돌곶이시장(구 석관황금시장),2,신발,우산,축산,의류,잡화
131,전통시장,인정시장,4,1,장위전통시장,2,정육,야채,수산물,과일,
132,전통시장,인정시장,3,1,정릉시장,2,농산물,수산물,축산,음식,
133,전통시장,인정시장,4,1,정릉아리랑시장,2,축산물,농산물,수산물,백종원식당1,식당2
134,전통시장,인정시장,4,1,마천시장,2,의류수선,의류판매,,,
135,전통시장,인정시장,3,4,마천중앙시장,2,족발,곱창,빈대떡,농수축산,
136,전통시장,인정시장,3,1,방이시장,2,농산물,가공식품,음식점,축산,의류
137,전통시장,인정시장,3,4,새마을시장,2,농산물,음식점,가공식품,축산,수산
138,전통시장,인정시장,4,4,석촌시장,2,농산물,가공식품,음식점,수선집,축산
139,전통시장,인정시장,3,4,풍납시장,2,농산물,가공식품,음식점,축산,의류
140,전통시장,인정시장,4,4,경창시장,2,야채,과일,정육,생선,곡물
141,전통시장,인정시장,4,4,목2동시장,2,농산물,가공식품,,,
142,전통시장,인정시장,3,4,목동깨비시장 (목3동시장),2,농산물,가공식품,,,
143,전통시장,인정시장,4,4,목사랑시장 (목4동시장),2,농산물,가공식품,의류,음식점,기타
144,전통시장,인정시장,4,4,신월1동신영시장,2,정육,과일,야채,의류,
145,전통시장,미인정시장,4,4,신월3동골목시장,2,고추기름,닭,떡,반찬,
146,전통시장,미인정시장,4,4,신월7동골목시장,2,농산물,가공식품,,,
147,전통시장,미인정시장,4,4,신정1동골목시장,2,농산물,가공식품,,,
148,전통시장,미인정시장,4,4,신정2동골목시장,2,농산물,가공식품,,,
149,전통시장,인정시장,4,2,우성상가시장,2,마트상품,신발,의류,,
150,전통시장,인정시장,3,4,월정로시장,2,야채,과일,잡곡,정육,
151,전통시장,인정시장,4,4,대림중앙시장,2,정육점,과일,채소,생선,의류
152,전통시장,인정시장,3,4,대신시장,2,의류,잡화,과일,생선,
153,전통시장,인정시장,4,4,동남상가,2,음식점,귀금속,신발,의류,잡화
154,전통시장,인정시장,4,4,삼구시장,1,한복,의류,식당,수선,부동산
155,전통시장,인정시장,4,4,영신상가,1,한복,이불,꽃,인삼,의류
156,전통시장,인정시장,3,1,영일시장,1,배추,무,엽채류,양념,
157,전통시장,인정시장,4,4,영진시장(A동),2,의류,농산물,정육점,떡집,부동산
158,전통시장,인정시장,4,1,만리시장,2,축산,참기름,의류,음식점,슈퍼
159,전통시장,인정시장,4,1,보광시장,2,농산물,수산물,야채,반찬,떡
160,전통시장,인정시장,4,4,신흥시장,2,농산물,청과,의류,음식,소매업
161,전통시장,인정시장,3,4,용산용문전통시장,2,청과물,수산물,식자재/제조,반찬,정육
162,전통시장,인정시장,3,4,이촌종합시장,2,야채,음식점,주점,,
163,전통시장,인정시장,3,1,이태원시장,1,의류,신발,가방,,
164,전통시장,인정시장,4,4,후암시장,2,과일,떡집,옷가게,,
165,전통시장,인정시장,4,4,대림골목시장,2,청과,야채,정육,수산물,
166,전통시장,인정시장,4,1,대림시장,2,의류,음식,주방용품,,
167,전통시장,인정시장,3,4,대조시장,2,농산,수산,축산,가공,의류
168,전통시장,인정시장,4,4,신응암시장,2,떡,반찬,건어물,식당,전
169,전통시장,인정시장,4,1,연서시장,2,식당,간식,1차상품,,
170,전통시장,인정시장,4,1,제일시장,2,의류,식당,,,
171,전통시장,인정시장,4,1,증산종합시장,2,음식(한식),마트,,,
172,전통시장,미인정시장,3,1,낙원시장,1,악기,음향기기,"공연,행사기획",,
173,전통시장,미인정시장,3,4,동대문상가A동,1,신발,부동산중개업,가방수선집,슈파마켓,
174,전통시장,미인정시장,3,4,동대문상가B동,1,신발,타월,부동산,커피숍,환전소
175,전통시장,미인정시장,3,4,동대문상가C동,1,신발,,,,
176,전통시장,인정시장,1,1,동대문종합시장,1,의류원단,악세사리,,,
177,전통시장,인정시장,1,1,동대문종합시장D동상가,2,원단,의류 부자재,침구,바느질,
178,전통시장,인정시장,3,4,동문시장㈜,1,신발,,,,
179,전통시장,인정시장,3,4,신설종합시장,1,가방원단,장식,섬유 부자재/고무줄,지퍼,웨빙/테프
180,전통시장,인정시장,4,4,종로신진시장,2,군복,곱창골목,의류수선,식당,원단
181,전통시장,인정시장,4,4,통인시장,2,농산물,축산물,수산물,가공식품,
182,전통시장,인정시장,3,4,한일상가,2,원단(의료),의료 부자재,사무실,,
183,전통시장,미인정시장,4,4,동대문상가D동,1,여성신발,,,,
184,전통시장,인정시장,3,1,동대문종합시장 신관(동대문쇼핑타운),1,의류원단,침구류,,,
185,전통시장,인정시장,1,1,광희패션몰,2,가죽,모피,영,미스,미세스
186,전통시장,인정시장,1,1,남대문시장,2,악세사리,아동복,수입품,그릇,의류
187,전통시장,인정시장,2,1,남평화시장,1,"가방,핸드백",남.여 의류,,,
188,전통시장,인정시장,3,1,대림상가,1,오락기,노래방기계,LED,조명,
189,전통시장,인정시장,1,1,동평화시장,1,의류,,,,
190,전통시장,인정시장,1,1,동화상가,1,의류부자재,넥타이,단추,,
191,전통시장,인정시장,1,1,방산종합시장,2,비닐봉투,의류 부자재,,,
192,전통시장,인정시장,2,1,삼익패션타운,2,숙녀복,아동복,구두,"악세사리,귀금속",
193,전통시장,인정시장,3,1,서울중앙시장,1,식료품,채소,잡화,과일,정육
194,전통시장,인정시장,3,4,신중부시장,1,김,미역,멸치,굴비,
195,전통시장,인정시장,3,1,신중앙시장,2,채소,정육,식품,주방용품,잡화
196,전통시장,인정시장,2,1,신평화패션타운,1,"의류(숙녀,남성,속옷)",잡화,,,
197,전통시장,인정시장,4,4,약수시장,2,신발,의류,야채,음식점,철물
198,전통시장,인정시장,3,1,자유상가,1,핸드백,아동복,가방부속,수입상가,
199,전통시장,인정시장,2,1,제일평화시장,1,의류,신발,가방,,
200,전통시장,인정시장,3,1,중부시장,1,김,미역,건어물,,
201,전통시장,인정시장,3,1,테크노상가,1,의류,,,,
202,전통시장,인정시장,2,1,통일상가,1,의류,의류부자재,,,
203,전통시장,인정시장,1,1,평화시장,1,모자/스카프,작업복,여성의류,남성의류,
204,전통시장,인정시장,3,2,황학시장,1,"돼지고기부산물(순대,머리고기)",닭고기부산물(닭꼬치),해산물,,
205,전통시장,인정시장,4,4,동성타워프라자,2,가공식품,농산물,,,
206,전통시장,인정시장,4,1,동원시장,2,축산물,수산물,,,
207,전통시장,인정시장,3,4,동원전통종합시장,2,농산물,축산물,수산물,,
208,전통시장,인정시장,3,4,면목골목시장,2,축산물,수산물,야채,과일,반찬
209,전통시장,인정시장,4,1,면목시장,2,식료품,의류,축산물,가구,참기름
210,전통시장,인정시장,3,4,사가정시장,2,야채,식당,떡,반찬류,곱창볶음
211,전통시장,인정시장,3,4,신아타운,2,음식점,의류,잡화,화장품,수선
212,전통시장,인정시장,3,4,우림골목시장,2,야채,육류,어류,,
213,전통시장,인정시장,4,1,중랑교종합상가,2,의류,잡화,슈퍼,,
214,전통시장,인정시장,3,4,중랑동부시장(동부골목시장),2,식품,의류,신발,농산물,
215,전통시장,인정시장,4,4,태능엔터피아,2,근린생활,음식점,체육시설,,
216,전통시장,미인정시장,4,3,덕두시장,2,농산물,가공식품,,,
217,전통시장,인정시장,3,1,명지시장,1,생선회,,,,
218,전통시장,인정시장,4,4,구서오시게시장,2,생선,의류,옷수선,,
219,전통시장,인정시장,4,4,금사제일상가시장,2,식당,과일,,,
220,전통시장,인정시장,4,4,부곡상가시장,2,횟집,건어물,채소,인삼,
221,전통시장,인정시장,4,4,서동시장,2,농산물,비닐,음식점,,
222,전통시장,인정시장,3,4,서동전통골목시장,2,계란만두,즉석어묵,아동복,,
223,전통시장,인정시장,3,4,서동향토시장,2,채소,반찬가게,건어물,참기름집,
224,전통시장,인정시장,4,4,장성시장,2,배달서비스,빵카페,,,
225,전통시장,인정시장,4,4,장전상가시장,2,음식점,수퍼,,,
226,전통시장,인정시장,3,1,기장시장,1,활어,해산물,반건조어류,,
227,전통시장,미인정시장,4,3,송정시장,2,참기름,과일,생선,,
228,전통시장,인정시장,4,4,감만시장,2,식육,채소,,,
229,전통시장,인정시장,4,4,남광시장,2,과일,정육,반찬,떡,어묵
230,전통시장,인정시장,4,4,대연시장,2,생선,의류,채소,건어물,기타
231,전통시장,인정시장,4,1,동성하이타운시장,2,의류,떡,,,
232,전통시장,인정시장,3,4,못골골목시장,2,채소/생선,간편식,과일,식육,의류
233,전통시장,인정시장,4,4,새감만종합시장,2,없음,,,,
234,전통시장,인정시장,3,4,용호1동골목시장,2,채소,식육,,,
235,전통시장,인정시장,3,4,용호골목시장,2,축산물,,,,
236,전통시장,인정시장,4,4,용호삼성시장,2,채소,의류,,,
237,전통시장,인정시장,4,1,용호시장,2,식육,채소,,,
238,전통시장,인정시장,4,4,우암골목시장,2,냉면,순대,,,
239,전통시장,인정시장,1,4,부산자유시장,2,신발,의류,생화,조화/조경,
240,전통시장,인정시장,3,1,부산남문시장,2,섬유원단,주단,생활한복,양말,속옷
241,전통시장,인정시장,1,1,부산진시장,2,혼수,원단,의류,,
242,전통시장,인정시장,3,4,성북시장,2,농산물,가공식품,,,
243,전통시장,인정시장,4,1,수정시장,2,옷수선,식당,,,
244,전통시장,인정시장,4,4,수정전통시장,2,야채,생선,건어물,만두,
245,전통시장,인정시장,4,1,초량상가시장,2,음식점,,,,
246,전통시장,인정시장,4,4,초량전통시장,2,영진어묵,초량어묵,돼지갈비,돼지국밥,초량밀면
247,전통시장,인정시장,4,2,범일골목시장,2,농산물,가공식품,,,
248,전통시장,인정시장,4,4,금강시장,2,소고기,오리고기(음식),야채,,
249,전통시장,인정시장,4,4,금성상가시장,2,떡,야채,횟집,,
250,전통시장,인정시장,3,1,동래시장,2,선어활어,건어물,식육,의류,식당
251,전통시장,인정시장,4,4,명장시장,2,야채,고춧가루,추어탕,,
252,전통시장,인정시장,3,4,사직시장,2,야채,족발,떡,,
253,전통시장,인정시장,4,4,서원시장,2,야채,과일,횟집,떡,
254,전통시장,인정시장,3,4,수안인정시장,2,야채,떡,축산,의류,과일
255,전통시장,인정시장,4,4,안락상가시장,2,야채,생선,소고기,,
256,전통시장,인정시장,3,4,온천인정시장,2,생선,육류,야채,,
257,전통시장,인정시장,4,4,충렬상가시장,2,야채,수산물,,,
258,전통시장,인정시장,4,2,금정상가시장,1,슈퍼,이불집,생선,비닐봉투,야채
259,전통시장,인정시장,4,2,신정시장,2,부동산,과일,옷수선,,
260,전통시장,인정시장,4,1,가야벽산상가,2,농산물,가공식품,,,
261,전통시장,인정시장,3,4,개금골목시장,2,야채,생선,과일,속옷,해물
262,전통시장,인정시장,4,4,개금큰시장,2,야채,생선,의류,한식,식육점
263,전통시장,인정시장,3,4,골드테마거리,2,귀금속,음식,,,
264,전통시장,인정시장,4,4,국제상가,2,농산물,가공식품,,,
265,전통시장,인정시장,3,4,당감골목시장,2,야채,생선,해산물,반찬집,식육점
266,전통시장,인정시장,3,4,당감새시장,2,야채,과일,생선,옷,식당
267,전통시장,인정시장,4,4,당감시장,2,한식,한복,젓갈,옷집,뜨개방
268,전통시장,인정시장,4,1,동평새시장,2,야채,생선,식육점,과일,배즙
269,전통시장,인정시장,3,1,부산전자종합시장,1,TV,냉장고,세탁기,에어컨,컴퓨터
270,전통시장,인정시장,2,1,부산평화시장,2,의류,신발,속옷,,
271,전통시장,인정시장,4,1,부전기장골목시장,2,농산물,수산물,,,
272,전통시장,인정시장,3,4,부전농수산물새벽시장,1,배추/무,상추 등 야채류,건어물,식품(젓갈류),생선류
273,전통시장,인정시장,2,4,부전상가,2,농수산물,축산물,식자재,건어물,의류
274,전통시장,인정시장,3,1,부전시장,1,민물장어,농수산물,,,
275,전통시장,인정시장,4,4,부전인삼시장,1,홍삼,인삼,,,
276,전통시장,인정시장,3,1,서면시장,2,농산물,수산물,잡화,음식점,옷수선
277,전통시장,인정시장,3,1,서면종합시장,2,악기,청과,옷,식당,신발
278,전통시장,인정시장,3,1,서면중앙시장,2,복사(인쇄),교회용품,부속상회,사진관,음식
279,전통시장,인정시장,4,1,성곡종합시장,2,야채,과일,음식,고춧가루,속옷
280,전통시장,인정시장,3,1,양정시장,2,꽃,식물,재료,의복,이불
281,전통시장,인정시장,4,4,연지시장,2,농산물,가공식품,,,
282,전통시장,인정시장,4,4,전포놀이터시장,2,야채,생선,과일,횟집,옷수선
283,전통시장,인정시장,4,1,초읍시장,2,농산물,가공식품,,,
284,전통시장,인정시장,3,4,구포축산물도매시장,1,축산물,,,,
285,전통시장,인정시장,4,1,덕천시장,2,가공식품,음식점,축산물,,
286,전통시장,인정시장,4,4,만덕2동제일상가시장,2,가공식품,농산물,음식점,,
287,전통시장,인정시장,4,1,만덕시장,2,수산물,축산물,가공식품,,
288,전통시장,인정시장,3,4,감전시장,2,활어,식자재,통닭,의류,반찬
289,전통시장,인정시장,4,1,구덕대림상가,2,음식점,부동산,학원,가공,농산
290,전통시장,인정시장,1,1,르네시떼시장,2,의류,잡화,귀금속,가구,전자제품
291,전통시장,인정시장,4,4,모라전통시장,2,음식점,가공,근린생활,수산물,가정용품
292,전통시장,인정시장,3,4,복이있는덕포시장,2,농산물,수산물,축산물,족발,치킨
293,전통시장,인정시장,2,4,부산산업용재유통상가,2,자동차부품,선박부품,기타 건설 기자재 등,,
294,전통시장,인정시장,2,1,부산산업용품상협동조합,1,산업용품,,,,
295,전통시장,인정시장,3,1,부산새벽시장,2,농산물,수산물,정육,,
296,전통시장,인정시장,3,4,사상시장,2,음식,농산,의류,가공,근린
297,전통시장,인정시장,4,2,영해종합시장,1,축산물,식당(2개),,,
298,전통시장,인정시장,3,4,우신종합상가,2,잡화,의류,숙녀복,화장품,의원
299,전통시장,인정시장,4,4,주례럭키종합상가,2,근린,의류,기타 소매,가정용품,식당
300,전통시장,인정시장,3,4,주례현대무지개상가,2,사무실,근린,식당,가공,기타 소매(95개 입점)
301,전통시장,인정시장,3,2,학장반도보라상가,2,근린서비스,기타소매,의류,가공,
302,전통시장,인정시장,4,2,부산광역시건축자재판매협동조합,1,건축자재,,,,
303,전통시장,인정시장,3,4,가락타운상가시장,2,의류,공산품,학원,과일,
304,전통시장,인정시장,4,4,감천2동시장,2,농산물,가공식품,,,
305,전통시장,인정시장,4,4,감천시장,2,농산물,가공식품,,,
306,전통시장,인정시장,3,1,괴정골목시장,2,농산물,수산물,가공식품,의류,축산물
307,전통시장,인정시장,3,4,다대씨-파크,1,수산물,,,,
308,전통시장,인정시장,4,4,당리시장,2,농산물,가공식품,,,
309,전통시장,인정시장,4,4,사하시장,2,농산물,가공식품,축산물,,
310,전통시장,인정시장,4,4,신평골목시장,2,야채,가공,떡,수산,
311,전통시장,인정시장,4,4,신평종합시장,2,야채,한복,옷 수선,,
312,전통시장,인정시장,4,4,에덴골목시장,2,수산,농산,가공,,
313,전통시장,인정시장,4,4,에덴시장,2,가공,금은,의류,,
314,전통시장,인정시장,4,4,장림골목시장,2,과일,야채,가공반찬,식당,수산
315,전통시장,인정시장,4,1,장림시장,2,식육점,반찬가공,야채,생선,음식점
316,전통시장,인정시장,4,4,하단시장,2,식당,가공식품,,,
317,전통시장,인정시장,3,4,하단오일상설시장,2,농산물,가공식품,,,
318,전통시장,인정시장,4,1,대신시장,2,옷수선,농.수축산물,생활용품,의류,철물
319,전통시장,인정시장,4,4,동대신1동골목시장,2,옷가게,야채,과일,생선,가공
320,전통시장,인정시장,4,4,서대신1동골목시장,2,식당,야채,철물점,커피숍,
321,전통시장,인정시장,4,4,서대신동골목시장,2,육류,가공,과일,채소,생선
322,전통시장,인정시장,4,1,송남시장,2,식당,의류,야채,가공,
323,전통시장,인정시장,4,4,아미시장,2,과일,야채,가공,의류,
324,전통시장,인정시장,3,4,충무동골목시장,2,농산물,식당,건어물,의류,
325,전통시장,인정시장,3,4,충무동새벽시장,2,농산물,수산물,식자재,육류,잡화 등
326,전통시장,인정시장,3,4,충무동해안시장,1,생선,야채,육고기,가공,
327,전통시장,인정시장,4,4,광안시장,2,생선,농산물,한과,축산물,의류
328,전통시장,인정시장,4,4,광안어패류시장,1,어패류,,,,
329,전통시장,인정시장,4,4,광안종합시장,2,내의,식육점,철물점,쌀가게,생선
330,전통시장,인정시장,3,1,남천해변시장,2,활어,야채,생선,의류,음식점
331,전통시장,인정시장,4,4,망미삼성상가시장,2,문구,학원가,미장원,부동산,세탁소
332,전통시장,인정시장,4,4,망미새상가시장,2,축산,음식점,의류,수산,참기름
333,전통시장,인정시장,4,4,망미종합시장,2,식당,생선,벽지장식,식육점,족발
334,전통시장,인정시장,3,4,망미중앙시장,2,김치,절임배추,생선,정육,야채
335,전통시장,인정시장,4,4,민락골목시장,2,생선,과일,축산,이불,분식
336,전통시장,인정시장,4,4,민락씨랜드시장,1,생선회,해산물,,,
337,전통시장,인정시장,4,4,민락어패류시장,1,어패류,,,,
338,전통시장,인정시장,4,4,민락회타운시장,1,생선회,,,,
339,전통시장,인정시장,3,4,삼익비치A상가시장,2,의류,부동산,미용실,보석,그릇가게
340,전통시장,인정시장,3,4,삼익비치B상가시장,2,농산물,가공식품,,,
341,전통시장,인정시장,4,4,세흥시장,2,농산물,수산물,축산물,고추/참기름,옷수선
342,전통시장,인정시장,3,4,수영팔도시장,2,야채,수산,어묵,의류,과일
343,전통시장,인정시장,4,4,현대종합상가시장,2,음식점,화장품,의료기침대,부동산,세탁소
344,전통시장,인정시장,4,1,거성시장,2,축산물,부식가게,,,
345,전통시장,인정시장,4,4,거제시장,2,횟집(생선),칼국수,,,
346,전통시장,인정시장,4,4,연동시장,2,김치,건어물,순대,농산물,떡집
347,전통시장,인정시장,4,4,연미새시장,2,횟집,음식점,,,
348,전통시장,인정시장,4,4,연일시장,2,칼국수,보리밥집,식육점,의류,
349,전통시장,인정시장,4,4,연천시장,2,과일,음식점,채소,식육점,
350,전통시장,인정시장,4,4,영남종합시장,2,음식점,운동시설,,,
351,전통시장,인정시장,3,1,남항시장,2,수산물,횟집,건어물,,
352,전통시장,인정시장,4,4,영도봉래시장,2,수산물,농산물,과일,,
353,전통시장,인정시장,4,4,청학시장,2,가공식품,축산물,,,
354,전통시장,인정시장,3,4,남포동건어물도매시장,1,수산물,기타소매업,,,
355,전통시장,인정시장,2,1,국제시장,2,생활용품,산업용품,잡화,한복/의류,문구/주방용품
356,전통시장,인정시장,4,4,만물의거리시장,2,안경,의류,조명,가구소품,
357,전통시장,미인정시장,4,4,보수동책방골목,1,새책,중고서적,,,
358,전통시장,인정시장,3,1,보수종합시장,2,청과,문구,식당,,
359,전통시장,인정시장,4,1,부산데파트,2,인삼제품,유니폼,악기,서예작품,
360,전통시장,인정시장,4,1,부산자갈밭시장,1,곰장어,해산물,,,
361,전통시장,인정시장,3,4,부평깡통시장,2,어묵,선식,수입과자류,정육,비빔당면
362,전통시장,인정시장,4,4,새영주시장,2,음식점,농수산물,수산물,,
363,전통시장,인정시장,3,1,신동아수산물종합시장,2,활어/수산물,건어물,음식점,회센타,
364,전통시장,인정시장,3,2,신창상가,2,옷,신발,가방,,
365,전통시장,인정시장,3,1,신천지시장,2,옷,장판집,식당,마트,보석탕
366,전통시장,인정시장,4,4,아리랑거리,2,의류,음식점,기타잡화,,
367,전통시장,인정시장,4,1,영주시장,2,음식점,,,,
368,전통시장,인정시장,3,4,월드밸리,2,의류/잡화,가구,소품,수입과자,귀금속/악세사리
369,전통시장,인정시장,3,1,자갈치시장,1,수산물,횟집,건어물,,
370,전통시장,인정시장,3,1,창선상가,1,조명,전기,,,
371,전통시장,인정시장,3,4,반송큰시장(반송2동시장),2,식자재,칼국수,김치,생선/과일,의류/잡화
372,전통시장,인정시장,4,4,반송골목시장,2,야채/과일,축산/수산,건어물,의류/잡화,슈퍼
373,전통시장,인정시장,4,4,반여2동상가시장,2,농산물,수산물,,,
374,전통시장,인정시장,4,4,반여3동골목시장,2,농산물,축산,수산물,가공,의류
375,전통시장,인정시장,4,4,반여시장,2,식료품,이불/포목,주방용품,생선,수선집
376,전통시장,인정시장,4,4,우동종합상가시장,2,음식점,의류,가공,인테리어,
377,전통시장,미인정시장,4,4,우일시장,2,농산물,가공식품,수산물,음식점,축산
378,전통시장,인정시장,4,4,재송시장,2,의류,식당,수산물,방앗간,축산
379,전통시장,인정시장,4,4,재송한마음시장,2,과일,정육,수산,옷,가공
380,전통시장,인정시장,4,4,좌동재래시장,2,채소(농산물),수산물,축산물,가공식품,식당가
381,전통시장,인정시장,3,4,해운대시장,2,곰장어,생선,야채,횟집,분식집
382,전통시장,인정시장,3,4,관문상가시장,2,야채,수산물,농산물,생필품,의류
383,전통시장,인정시장,3,4,관문시장,2,구제옷,과일,수산,축산,음식점
384,전통시장,인정시장,4,4,광덕시장,2,야채,잡화,한우,,
385,전통시장,인정시장,4,4,남부시장,2,건강원,음식점,과일,축산,채소
386,전통시장,인정시장,3,4,대명신시장,2,과일,건강원,한우,야채,
387,전통시장,인정시장,4,4,대명중앙시장,2,야채,수산,과일,한우,
388,전통시장,인정시장,4,4,명덕시장,2,돼지국밥,정식식당,과일,채소,정육
389,전통시장,인정시장,4,4,봉덕시장,2,음식점,구제품,기구,,
390,전통시장,인정시장,3,4,봉덕신시장,2,돼지국밥,강정,보리밥,농산물,축산물
391,전통시장,인정시장,4,4,성당시장,2,떡,식육,방앗간,과일,생선
392,전통시장,인정시장,4,4,안지랑시장,2,방앗간,커피숍,음식점,,
393,전통시장,인정시장,3,4,영선신시장,2,이불,과일,생선,식육점,건어물
394,전통시장,인정시장,4,1,달서송림시장,2,잡화,의류,수선,,
395,전통시장,인정시장,3,4,달서시장,2,농산물,의류,공산품,축산물,수산물
396,전통시장,인정시장,4,4,대곡시장,2,식당,농수산물,떡집,분식,
397,전통시장,인정시장,3,4,대구대동시장,2,농산물,의류,국밥,떡볶이,반찬
398,전통시장,인정시장,3,4,대구예전우시장,2,추어탕,칼국수,돈까스,돼지고기,반찬
399,전통시장,인정시장,4,4,도원시장,2,과일,정육,생선,떡,
400,전통시장,인정시장,3,1,두류종합시장,2,잡화,음식,농산물,축산물,수산물
401,전통시장,인정시장,4,1,보성은하상가,2,중식,부동산,학원,분식,골프장(스크린)
402,전통시장,인정시장,4,4,상원시장,2,기성복,반찬,떡,농산물,안경
403,전통시장,인정시장,4,1,상인영남상가,2,식품,장식,학원,미용실,식육점
404,전통시장,인정시장,4,1,서남시장,2,식품,의류,야채,과일,
405,전통시장,인정시장,3,4,서남신시장,2,족발,반찬,만두,농산물,
406,전통시장,인정시장,4,1,서대구시장,2,농산물,건어물,수산물,의류,잡화
407,전통시장,인정시장,4,1,성서보성화성상가,2,학원,부동산,생활용품,가공식품,축산물
408,전통시장,인정시장,4,1,송경종합시장,2,과일,채소,참기름,육류,생선
409,전통시장,인정시장,4,4,송현주공시장,2,과일,수산,농산,축산,채소
410,전통시장,인정시장,4,1,신내당시장,2,수산물,농산물,축산물,의류,잡화
411,전통시장,인정시장,3,4,와룡시장,2,생활용품,축산물,생선,과일,의류
412,전통시장,인정시장,3,4,성서용산시장,2,축산물,수산물,의류,가공식품,음식점
413,전통시장,인정시장,4,4,용산종합큰시장,2,수산물,축산물,음식점,의류,가공식품
414,전통시장,인정시장,3,4,월배시장,2,떡볶이,추어탕,국밥,떡,
415,전통시장,인정시장,4,3,월배신시장,2,반찬,튀김,호떡,과일,
416,전통시장,인정시장,4,1,월성청구시장,2,여성의류,안경,쥬얼리,식육,청과
417,전통시장,인정시장,4,4,두류신시장,2,떡,육류,서비스(미용실),과일,채소
418,전통시장,인정시장,4,4,논공중앙시장,2,족발,순대국밥,떡집,고기집,통닭
419,전통시장,인정시장,4,3,현풍백년도깨비시장,2,식당,의류,공방,건어물,생선
420,전통시장,인정시장,4,3,화원시장,2,돔베기,부추전,보리밥,뻥튀기,커피
421,전통시장,인정시장,4,4,공항시장,2,돼지국밥,추어탕,채소,,
422,전통시장,인정시장,3,4,동구시장,2,야채,과일,생선,육류,
423,전통시장,인정시장,4,1,동대구역전시장,2,떡,참기름,고기,과일,
424,전통시장,인정시장,4,4,동서시장,2,농산물,축산물,떡,음식점,
425,전통시장,인정시장,4,4,목련시장,2,돼지국밥,반찬,건어물,,
426,전통시장,인정시장,4,1,반야월종합시장,2,의류,잡화,,,
427,전통시장,인정시장,4,1,방촌시장,2,의류,떡볶이,축산,농산물,
428,전통시장,인정시장,3,4,불로전통시장,2,채소,과일,추어탕,,
429,전통시장,인정시장,4,4,송라시장,2,떡,반찬,과일,두부,족발
430,전통시장,인정시장,4,1,평화시장,2,똥집,가공식품,건어물,,
431,전통시장,인정시장,3,4,대구능금시장,1,사과,배,수박,귤,
432,전통시장,인정시장,4,1,대구청과시장,2,사과,배,수박,채소,
433,전통시장,인정시장,4,4,동대구시장,2,음식점,의류,,,
434,전통시장,인정시장,3,4,동대구신시장,2,정육,의류,,,
435,전통시장,인정시장,4,1,산격종합시장,2,음식점,채소류,,,
436,전통시장,인정시장,4,1,삼성시장,2,식육점,참기름,채소,수산,
437,전통시장,인정시장,4,4,서변중앙시장,2,육류,음식점,떡,양곡류,
438,전통시장,인정시장,4,4,중앙시장,2,음식점,커피,분식,,
439,전통시장,인정시장,4,3,칠곡시장,2,농산물,가공식품,축산물,의류,
440,전통시장,인정시장,3,1,칠성시장,2,농산물,수산물,건어물,축산물,의류
441,전통시장,인정시장,3,1,칠성진시장,2,수산물,의류,농산물,축산물,가공식품
442,전통시장,인정시장,3,1,팔달신시장,2,채소,과일,젓갈,,
443,전통시장,인정시장,1,1,산업용재관,1,고무밸트,도란스,산업용 재료,,
444,전통시장,인정시장,3,1,섬유제품관,1,침구,커텐,가구,주방용품,귀금속
445,전통시장,인정시장,3,1,전기재료관,1,전기재료,조명,전선,,
446,전통시장,인정시장,4,1,전기조명관,1,전기조명,전기특수조명,전기재료사,,
447,전통시장,인정시장,2,1,전자관,2,종합가전,컴퓨터,가구,,
448,전통시장,인정시장,3,1,전자상가,1,가전제품,방송기기,전자부품,컴퓨터,
449,전통시장,인정시장,4,1,칠성본시장,2,닭,수산물,해물,만두,고추
450,전통시장,인정시장,3,1,칠성전자주방시장,1,주방용품,중고가전,,,
451,전통시장,미인정시장,4,4,구평리시장,2,농산물,반찬류,떡류,수산물,축산물
452,전통시장,인정시장,4,1,대평리시장,2,농산물,음식점,의류,수산물,가공식품
453,전통시장,인정시장,4,1,새길시장,2,참기름,반찬류,식육점,농산물,수산물
454,전통시장,인정시장,4,1,서구시장,2,농산물,건어물,참기름,슈퍼,
455,전통시장,인정시장,3,1,서부시장,2,치킨,해산물,육류,가공식품,
456,전통시장,인정시장,3,1,신평리시장,2,농산물,수산물,반찬류,의류,떡류
457,전통시장,인정시장,3,4,원고개시장,2,농산물,수산물,떡류,참기름,의류
458,전통시장,인정시장,4,1,원대신시장,2,야채,청과,축산,,
459,전통시장,인정시장,4,1,이현시장,2,농산물,참기름,두부,마트,
460,전통시장,인정시장,4,1,중평시장,2,농산물,가공식품,의류,축산물,
461,전통시장,인정시장,4,4,동성시장,2,소고기,참기름,추어탕,옷수선,장식
462,전통시장,인정시장,4,4,수성시장,2,축산물,가공식품,청과,,
463,전통시장,인정시장,3,4,신매시장,2,농산물,수산물,반찬,과일,
464,전통시장,인정시장,3,4,지산목련시장(지산종합시장),2,야채,반찬,국밥,생선,치킨
465,전통시장,인정시장,4,4,청구시장,2,떡,참기름,건어물,야채,반찬
466,전통시장,인정시장,4,4,태백시장,2,야채,청과,축산,,
467,전통시장,인정시장,4,4,황금시장,2,식자재,방앗간,세탁소,식당,건강원
468,전통시장,인정시장,3,4,교동시장,2,의류,수입제품,소형가전,,
469,전통시장,인정시장,3,4,남문시장,2,농산물,수산물,음식점,,
470,전통시장,인정시장,2,4,동산상가,1,의류,주방용품,침구류,인테리어소품,제화
471,전통시장,인정시장,3,4,명품프라자상가,2,의류,악세사리,가방,이불,커텐
472,전통시장,인정시장,4,4,방천시장,2,야채,과일,양곡,고추,음식점
473,전통시장,인정시장,3,1,번개시장,2,양곡,야채,수산,과일,
474,전통시장,인정시장,1,4,서문시장2지구종합상가,2,의류,직물(원단),음식점,메리야스,
475,전통시장,인정시장,3,4,서문시장5지구,2,숙녀복,신사복,잡화,그릇,란제리
476,전통시장,인정시장,4,4,서문시장건해산물상가,1,건어물,견과류,,,
477,전통시장,인정시장,3,4,서문시장제1지구직물시장,2,섬유,천연염색,침구류,한복,건어물/견규ㅘ류 외
478,전통시장,인정시장,3,4,서문시장제1지구포목시장,2,포목,한복,,,
479,전통시장,인정시장,3,4,약령시장,1,약재,,,,
480,전통시장,인정시장,4,1,염매시장,2,가공식품,음식점,수산물,기타 소매업,축산물
481,전통시장,인정시장,3,1,서문시장4지구종합대체상가(베네시움),2,"의류(남,녀)",주단(한복),이불,"악세사리,소품",
482,전통시장,인정시장,4,4,강화중앙시장(a동b동),2,의류,잡화,미용,부동산,어과
483,전통시장,인정시장,4,4,강화터미널상가,2,의류,식당,,,
484,전통시장,인정시장,3,3,강화풍물시장,2,농산물,수산물,의류,토산품,축산물
485,전통시장,인정시장,3,4,계산시장,2,농산물,축산물,수산물,생활용품,
486,전통시장,인정시장,3,4,계양산전통시장,2,농산물,축산물,수산물,음식점,기타 도소매업
487,전통시장,인정시장,4,4,작전시장,2,음식,청과,정육,,
488,전통시장,인정시장,3,4,석바위시장,2,농산,축산,수산,의류,생활용품
489,전통시장,인정시장,3,4,신기시장,1,야채,과일,생선,마트,건어물
490,전통시장,인정시장,3,4,용현시장,2,농산물,축산물,수산물,건어물,기타
491,전통시장,인정시장,3,4,인천남부종합시장,2,농산물,수산물,축산,그릇,방앗간
492,전통시장,인정시장,4,4,인천용남시장,2,과일,야채,정육,생선,공산품
493,전통시장,인정시장,4,4,제일시장,2,곱창볶음,야채,반찬가게,닭집,떡집
494,전통시장,인정시장,3,4,토지금고시장,2,수산물,정육,과일,마약치킨,
495,전통시장,인정시장,4,4,학익시장,2,축산,방앗간,떡,치킨,
496,전통시장,인정시장,3,4,간석자유시장,2,일일식품,공산품,축산,청과,
497,전통시장,인정시장,4,4,구월도매전통시장,2,식자재,축산물,수산물,,
498,전통시장,인정시장,3,4,구월시장,2,떡,"순대,곱창점",정육,수산물,"기름,방아"
499,전통시장,인정시장,4,4,만수시장,2,야채,과일,생선,분식,
500,전통시장,인정시장,3,4,인천모래내전통시장,2,의류,정육,수산물,"야채,과일",공산품
501,전통시장,인정시장,4,4,장승백이전통시장,2,음식,정육,수산물,의류,
502,전통시장,인정시장,4,4,동부시장,2,채소(농산물),의류,수산물,가공식품,
503,전통시장,인정시장,3,1,송림공구상가,2,전기,공구,,,
504,전통시장,인정시장,4,4,송현시장,2,반찬,정육점,야채,떡,
505,전통시장,인정시장,1,1,인천산업유통사업협동조합,2,공구,전기,철재,,
506,전통시장,인정시장,3,4,중앙시장,1,한복,이불,홈패션,,
507,전통시장,인정시장,3,4,현대시장,2,농산물,축산물,수산물,,
508,상점가,상점가,4,4,부개종합시장,2,떡,정육,반찬,,
509,전통시장,인정시장,4,1,부일종합시장,1,의류,수산물,야채,,
510,전통시장,인정시장,3,4,부평깡시장,2,채소,과일,건어물,수산물,잡화
511,전통시장,인정시장,3,4,부평문화의거리,1,의류/신발,음식,커텐,,
512,전통시장,인정시장,3,4,부평종합시장,2,농산물,수산물,축산물,공산품,기타
513,전통시장,인정시장,4,4,십정종합시장,2,의류,야채,정육,과일,
514,전통시장,인정시장,4,1,진흥종합시장,2,건어물,"식품,잡화",,,
515,전통시장,인정시장,3,4,가좌시장,2,농산물,수산물,정육,의류,떡
516,전통시장,인정시장,3,4,신거북시장,2,농산물,수산물,정육,의류,떡
517,전통시장,인정시장,3,4,인천강남시장,2,농산물,수산물,정육,의류,떡
518,전통시장,인정시장,3,4,인천축산물시장,1,축산물,,,,
519,전통시장,인정시장,3,4,정서진중앙시장,2,농산물,수산물,정육,의류,떡
520,전통시장,인정시장,4,4,연수구옥련시장,2,농산,수산,가공,,
521,전통시장,인정시장,4,4,연수송도역전시장,2,공산,농산,식당,,
522,전통시장,인정시장,3,4,신포시장,2,닭강정,공갈빵,민어회,강정,
523,전통시장,인정시장,4,4,신흥시장,2,농산물,축산물,수산물,,
524,전통시장,인정시장,2,4,인천종합어시장,1,"조기,갈치","꽃게,새우",젓갈류,"건어,멸치류",냉동수산물
525,전통시장,인정시장,4,4,1913송정역시장(송정역전매일시장),1,야채,축산,생선,빵,의류
526,전통시장,미인정시장,4,4,뉴밀레니엄시장,1,음식점,식료품,야채,,
527,전통시장,인정시장,4,3,비아5일시장,1,야채,생선,의류,그릇,
528,전통시장,인정시장,3,3,송정5일시장,1,야채,과일,생선,의류,
529,전통시장,인정시장,4,4,송정매일시장,1,농산물,생선,의류,,
530,전통시장,인정시장,4,4,우산매일시장,1,생선,족발,과일,,
531,전통시장,인정시장,4,3,월곡시장,1,떡,야채,생선,축산,음식점
532,전통시장,인정시장,4,1,무등시장,2,농산,수산,축산,,
533,전통시장,인정시장,3,2,남광주시장,2,수산물(건어물 포함),음식점(국밥),축산물,야채(농산물),의류
534,전통시장,인정시장,4,2,남광주해뜨는시장,2,젓갈,홍어,닭,장어/미꾸라지,농수산물
535,전통시장,인정시장,3,4,대인시장,2,농수축산물,폐백,국밥 등 음식점,제사음식,
536,전통시장,인정시장,4,1,동부시장,2,생활용품,떡방앗간,채소류,커피,학원
537,전통시장,인정시장,4,1,두암시장,2,김치,축산,계란,건어물,침구사
538,전통시장,인정시장,3,4,말바우시장,2,"농,수,축산물","식당가(횟집,국밥)",약재,의류,"방앗간,건강원"
539,전통시장,인정시장,4,1,운암시장,2,채소,과일,생선,정육,마트
540,전통시장,인정시장,3,1,광주양동시장,2,농산물,수산물,축산물,공산품,
541,전통시장,인정시장,4,4,양동건어물시장,1,멸치,김,미역,약초,고추 등
542,전통시장,인정시장,4,4,양동경열로시장,2,야채,축산,수산,음식,가공
543,전통시장,인정시장,3,4,양동닭전길시장,2,닭,야채,가공식품,그릇,이불
544,전통시장,인정시장,3,1,양동복개상가,1,공산품,가구,의류,커텐,신반
545,전통시장,인정시장,3,4,양동산업용품시장,1,공구,농기계,천막,보일러,전동공구
546,전통시장,인정시장,3,4,양동수산전통시장,1,홍어,조기,갈치,명태,조개류
547,전통시장,인정시장,3,3,화정동서부시장,2,농산물,가공식품,,,
548,전통시장,인정시장,4,4,법동시장,2,정육,야채,,,
549,전통시장,인정시장,4,4,송촌시장,2,음식점,,,,
550,전통시장,인정시장,3,4,신탄진시장,2,축산,떡,반찬,의류,음식점
551,전통시장,인정시장,3,4,중리시장,2,족발,순대,야채,정육,반찬
552,전통시장,인정시장,4,1,가양시장,2,수파,빙앗간,,,
553,전통시장,인정시장,3,1,대전도매시장,2,우산,양산,메리야스,악세사리,생활잡화
554,전통시장,인정시장,4,1,대전상가시장,1,쌀,잡곡,,,
555,전통시장,인정시장,4,4,신도시장,2,정육,야채,,,
556,전통시장,인정시장,4,4,신중앙시장,1,홈패션,원단,의류,한복,퀼트
557,전통시장,인정시장,4,4,용운시장,2,정육,과일,생선,재과,떡
558,전통시장,미인정시장,4,4,원동국제시장,2,의류 및 신발,가정용품,사무용품,,
559,전통시장,인정시장,4,4,인동시장,2,슈퍼,음식점,,,
560,전통시장,인정시장,4,4,자유도매시장,1,여성복,침구류,주방용품,란제리,한복
561,전통시장,인정시장,3,4,전통중앙도매상가,2,잡화,,,,
562,전통시장,인정시장,4,4,중앙도매시장,1,원단,,,,
563,전통시장,인정시장,3,1,중앙메가프라자,2,한복 맞춤/대여,침구류,직물,음식점업,
564,전통시장,인정시장,3,4,중앙상가시장,2,음식,의류,보석,다방,수산
565,전통시장,인정시장,4,1,중앙종합시장,1,한복 맞춤/대여,양장 맞춤,여성복,,
566,전통시장,인정시장,3,4,도마큰시장,2,농축수산물,의류,가정용품,,
567,전통시장,인정시장,3,4,한민시장,2,야채류,반찬류,축산물,막창(음식점),
568,전통시장,인정시장,4,4,송강시장,2,정육집,떡집,,,
569,전통시장,미인정시장,3,4,유성시장,2,농산물,축산물,수산물,임산물,
570,전통시장,인정시장,3,4,문창전통시장,2,떡,축산,야채,수산,마트
571,전통시장,인정시장,4,4,부사전통시장,2,생선,야채,정육,잡화,의류
572,전통시장,인정시장,4,4,산성전통시장,2,정육,과일,야채,,
573,전통시장,인정시장,4,4,오류전통시장,2,채소,과일,방앗간,생선,닭집
574,전통시장,인정시장,3,4,태평전통시장,2,농산물,축산물,1차식품,공산품,"의류, 생선"
575,전통시장,인정시장,4,1,(주)신정시장,2,회,한복,뜨개방,옷수선,공방
576,전통시장,인정시장,4,1,(주)야음시장,2,축산물,가정용품,음식점,,
577,전통시장,인정시장,4,4,수암상가시장,2,수산물(생선),야채,정육,,
578,전통시장,인정시장,4,4,수암종합시장,2,농산물,수산물,의류,,
579,전통시장,인정시장,3,4,신정상가시장,2,채소,과일,육류/어류,제조업,기타 의류
580,전통시장,인정시장,4,1,신정평화시장,2,여성복,음식점,가공식품,,
581,전통시장,인정시장,4,4,야음상가시장,2,농산물,수산물,식당,축산물,
582,전통시장,인정시장,3,4,울산번개시장,2,농산물,수산물,가정용품,음식점,
583,전통시장,인정시장,3,1,울산산업공구월드,1,컴퓨터,CCTV,모니터,,
584,전통시장,인정시장,3,4,남목전통시장,2,농산물,수산물,축산,,
585,전통시장,인정시장,4,1,대송농수산물시장,2,미역,야채,해산물,생선,족발
586,전통시장,인정시장,4,4,동울산종합시장,2,분식(칼국수),반찬류,해물류,,
587,전통시장,인정시장,3,4,월봉시장,2,과일,건어물,정육점,야채,식당
588,전통시장,미인정시장,4,2,신전시장(염포시장),2,농산물,가공식품,,,
589,전통시장,미인정시장,4,4,코끼리시장,2,농산물,가공식품,,,
590,전통시장,인정시장,4,3,호계공설시장,2,야채,칼국수,족발,반찬,소고기
591,전통시장,인정시장,4,2,화봉시장(화봉종합시장),2,농산물,가공식품,,,
592,전통시장,인정시장,4,3,곡천공설시장,2,농산물,수산물,가공식품,,
593,전통시장,인정시장,4,3,남창옹기종기시장,2,농산물,수산물,가공식품,,
594,전통시장,인정시장,4,4,덕신1차시장,2,농산물,수산물,가공식품,,
595,전통시장,인정시장,4,4,덕신2차시장,2,농산물,음식점,,,
596,전통시장,인정시장,4,3,덕하시장(덕하공설시장),2,가공식품,축산물,농산물,음식점,
597,전통시장,인정시장,4,3,봉계공설시장,2,농산물,가공식품,음식점,,
598,전통시장,인정시장,4,3,언양공설시장,2,농산물,수산물,음식점,가공식품,
599,전통시장,인정시장,4,4,언양종합상가시장,2,옷가게,음식점,근린생활서비스(옷수선),,
600,전통시장,인정시장,4,4,구역전시장,2,축산,농수산,건어물,과일,잡화
601,전통시장,인정시장,4,4,구역전전통시장,2,족발,과일,떡,건어물,옷
602,전통시장,인정시장,4,4,반구시장,2,식육점,식당,잡화,야채,떡
603,전통시장,인정시장,4,1,병영시장,2,농산물,참기름,,,
604,전통시장,인정시장,4,4,서동시장,2,수산,정육,과일,제과,야채
605,전통시장,인정시장,4,4,선우시장,2,채소,농산(쌀),축산,,
606,전통시장,인정시장,4,4,성남프라자,2,한복,침구류,무용복,가발,의상
607,전통시장,인정시장,4,4,신울산종합시장,2,식당,,,,
608,전통시장,인정시장,4,4,옥골시장,2,폐백음식,전통죽,의류,과일,음식(식당)
609,전통시장,인정시장,3,1,울산시장,1,주단,커텐,이불,폐백,생선
610,전통시장,인정시장,3,4,중앙전통시장,2,의류,신발,곰장어,닭,
611,전통시장,인정시장,3,4,태화종합시장,2,농산물(채소),수산물(생선/어패류),축산물(소/돼지/닭),공산품,음식업
612,전통시장,인정시장,3,4,학성새벽시장,2,청과,야채,축산,,
613,전통시장,인정시장,3,2,우정전통시장,2,낙지전골,삼겹살,칼국수,파스타,
614,전통시장,인정시장,4,3,가평잣고을전통시장,2,음식,의류,잡화,커피,금은방
615,전통시장,미인정시장,4,3,가평정기5일시장,2,농산,수산,의류,반찬,약재
616,전통시장,미인정시장,4,3,미원정기5일시장,2,생선,농산물,의류,잡화,가공식품
617,전통시장,미인정시장,4,4,청평5일시장,2,야채,생선,잡화,의류,과일
618,전통시장,미인정시장,4,3,현리정기5일시장,2,농산,수산,의류,반찬,금은방
619,전통시장,인정시장,4,1,능곡전통시장,2,축산,농산물,가공식품,,
620,전통시장,인정시장,4,4,덕이동패션1번지,1,의류,,,,
621,전통시장,인정시장,4,4,원당전통시장,2,농산물,수산물,축산물,,
622,전통시장,인정시장,4,4,일산전통시장,2,농산물,축산물,수산물,의류/잡화,
623,전통시장,인정시장,3,1,과천새서울프라자시장,2,잡화,의류,스포츠시설,,
624,전통시장,인정시장,4,1,제일쇼핑시장,2,잡화,의류,건강보조식품,식당가,
625,전통시장,인정시장,3,4,광명새마을시장,2,음식점 (대표품목 없다),,,,
626,전통시장,인정시장,3,1,광명전통시장,2,먹거리,이불,한복,,
627,전통시장,인정시장,4,4,경안시장,2,의류,정육(축산),수산/농산,잡화,노점
628,전통시장,인정시장,3,4,구리전통시장,2,농산물,가공식품,,,
629,전통시장,인정시장,4,4,군포역전시장,2,농산/청과,축산/정육,의류/생활용품,음식점,마트
630,전통시장,인정시장,3,4,산본시장,2,정육,야채,과일,족발,닭강정
631,전통시장,미인정시장,4,3,김포5일장,2,농산물,생선,과일,생활용품,
632,전통시장,미인정시장,4,4,양곡5일장,2,야채,,,,
633,전통시장,인정시장,4,4,양곡시장,2,가정용품,의류,,,
634,전통시장,인정시장,4,4,양곡오라니장터시장,2,음식점,미용실,,,
635,전통시장,미인정시장,4,4,통진5일장(마송5일장),2,과일,야채,공산품,,
636,전통시장,인정시장,3,4,통진시장,2,음식점,의류,축산,,
637,전통시장,미인정시장,4,4,하성5일장,2,야채,과일,양말,철물,
638,전통시장,미인정시장,4,4,마석5일장,2,생선,야채,과일,,
639,전통시장,미인정시장,4,4,장현5일장,2,야채,과일,생선,건어물,의류
640,전통시장,인정시장,3,3,남양주장현 전통시장,2,떡,두부,정육,의류,커피
641,전통시장,인정시장,4,4,동두천제일시장,2,의류,피부샵,인테리어,,
642,전통시장,인정시장,3,4,동두천큰시장,1,과일,채소,건어물,,
643,전통시장,인정시장,3,4,세아프라자상가,2,의류,가방,모자,,
644,전통시장,인정시장,3,4,중앙시장,2,청과물,야채,축산,공산품,가공류
645,전통시장,인정시장,3,4,강남시장,2,정육,과일,채소,의류,식당
646,전통시장,인정시장,4,4,고리울동굴시장,2,정육,생선,야채,과일,요식
647,전통시장,인정시장,3,4,부천상동시장,2,야채,과일,정육,슈퍼,음식점
648,전통시장,인정시장,3,4,부천자유시장,2,농수산물,생활용품,방앗간,정육,침구
649,전통시장,인정시장,3,4,부천제일시장,2,1차식품,공산품,,,
650,전통시장,인정시장,3,4,부천중동시장,2,농수축산,음식점,생활용품,마트,기타
651,전통시장,인정시장,4,4,부천한신시장,2,정육,청과,음식,의류,
652,전통시장,인정시장,4,4,소사종합시장,2,정육,청과,야채,생선,의류잡화
653,전통시장,인정시장,4,4,신흥시장,2,정육,농산물,건어물,수산,
654,전통시장,인정시장,4,4,역곡남부시장,2,정육,의류,야채,반찬류,수산물
655,전통시장,인정시장,3,4,역곡상상시장(역곡북부시장),2,가공식품,축산물,농산물,과일/청과,반찬
656,전통시장,인정시장,4,4,오정시장,2,농산물,수산물,잡화,의류,가공식품
657,전통시장,인정시장,3,4,원미종합시장,2,축산물,반찬,농산물,음식,과일
658,전통시장,인정시장,4,4,원종종합시장,2,야채,과일,생선,가공식품,
659,전통시장,인정시장,4,4,원종중앙시장,2,야채,과일,육류,,
660,전통시장,인정시장,4,4,조공시장,2,농산물,축산물,가공식품,,
661,전통시장,인정시장,4,1,금광시장,2,음식점,,,,
662,전통시장,인정시장,3,4,금호시장,2,식당가,의류(여성),식품상가,,
663,전통시장,인정시장,4,4,단대전통시장,2,식품,의류,잡화,,
664,전통시장,인정시장,3,4,돌고래시장,2,반찬,정육,떡,과일,건어물
665,전통시장,인정시장,4,4,동신종합시장,2,의류,식당,병의원,학원,공예
666,전통시장,미인정시장,4,4,모란민속5일장,2,화훼,음식,가금,농수산,농산물
667,전통시장,인정시장,4,1,모란종합시장,2,참기름,약재,음식점,,
668,전통시장,인정시장,3,4,미래그린시장,2,식당,육류,분식,,
669,전통시장,인정시장,4,4,미래타운제2종합시장,2,교회,음식업,학원,,
670,전통시장,인정시장,4,4,분당우성시장,2,부동산,학원,식당,,
671,전통시장,인정시장,4,4,상대원시장,2,반찬,정육,슈퍼,,
672,전통시장,인정시장,4,1,성남남한산성시장(은행골목시장),2,곡물,야채,떡,고기,과일
673,전통시장,미인정시장,3,4,성호시장,2,야채,과일,생선,닭,
674,전통시장,인정시장,4,4,은행시장,2,생선,야채,과일,,
675,전통시장,인정시장,4,4,코끼리시장,2,마트,교복,서점,안경 도소매,학원
676,전통시장,인정시장,4,4,코코프라자시장,2,커튼,꽃집,의류 수선,,
677,전통시장,인정시장,4,3,하대원공설시장,1,농산물,수산물,식자재(공산품),,
678,전통시장,인정시장,4,1,현대시장,2,생선,야채,축산물,과일,
679,전통시장,인정시장,3,4,현대시장(분당),2,음식점,제과점,정육점,,
680,전통시장,인정시장,3,4,모란가축시장,1,돼지고기,개고기,닭고기,소고기,
681,전통시장,인정시장,3,4,미금현대벤처빌시장,2,의료기,의류,신발,,
682,전통시장,인정시장,4,4,범한프라자시장,2,정육,슈퍼,의류,학원,병원
683,전통시장,인정시장,4,4,청구문화시장,2,의류,건강식품,잡화,요식업,학원
684,전통시장,인정시장,3,4,구매탄시장,2,농산물1차식품,수산물,축산물,가공,음식
685,전통시장,인정시장,4,4,구천동공구상가,2,공구,철물,,,
686,전통시장,인정시장,3,4,권선종합시장,2,족발/순대,반찬,떡,,
687,전통시장,인정시장,3,4,남문로데오시장,2,음식점,커피전문점,의류,,
688,전통시장,인정시장,3,4,남문패션1번가시장,2,의류,잡화,"음식점,카페",보석(금은),스포츠의류
689,전통시장,인정시장,3,4,매산시장,2,음식점,농수산물,다문화업종,식자재,가공식품
690,전통시장,인정시장,4,4,못골종합시장,2,농산물,축산물,수산물,반찬,떡
691,전통시장,인정시장,4,4,미나리광시장,2,야채,생선,식당,,
692,전통시장,인정시장,3,4,북수원시장,2,농산물,청과물,축산물,공산품,음식점
693,전통시장,인정시장,4,4,시민상가시장,1,여성복(시니어),잡화,남성복,신발/가방,수건
694,전통시장,인정시장,3,1,역전시장,2,중소메이커의류,수선,공산품,식당,
695,전통시장,인정시장,3,4,연무시장,2,농산물,수산물,촉산물,생활용품,
696,전통시장,인정시장,3,1,영동시장,2,의류,침구류,커텐,잡화,
697,전통시장,인정시장,3,4,장안문거북시장,1,음식(식당),술집,,,
698,전통시장,인정시장,3,4,정자시장,2,농산물,수산물,축산물,가공품,떡집
699,전통시장,인정시장,3,4,조원시장,2,농산물,수산물,축산물,생활용품,
700,전통시장,인정시장,3,1,지동시장,1,순대,야채,과일,정육,
701,전통시장,인정시장,3,4,팔달문시장,1,의류,공산품,악세사리,음식점,
702,전통시장,인정시장,3,4,화서시장,2,"농,축,수산물",가공식품,"의류,수선",반찬류,
703,전통시장,인정시장,3,4,시흥삼미시장,2,음식,의류,야채,생선,화장품
704,전통시장,인정시장,4,4,정왕시장,2,농산물,중국식품,수산물,잡화,
705,전통시장,인정시장,4,2,도일시장,2,모종/묘목,음식점,잡화,,
706,전통시장,인정시장,3,4,스타프라자전통시장,2,의류,약국,기타 소매,,
707,전통시장,인정시장,4,4,신안코아,2,신발,속옷/의류,커튼/수예,식품/음식,이불
708,전통시장,인정시장,4,3,신안프라자전통시장,2,잡화,의류,마트,학원,
709,전통시장,인정시장,3,3,안산시시민시장,2,식당,의류,잡화,농산물,
710,전통시장,인정시장,4,4,월드프라자,2,의류매장,금은방,잡화,한의원,치과
711,전통시장,인정시장,3,4,안성맞춤시장,2,분식,의류,한약재,속옷,
712,전통시장,인정시장,3,3,일죽시장,2,육류,의류,잡화,,
713,전통시장,인정시장,4,4,죽산시장,2,농산,축산,잡화,공산,약재
714,전통시장,인정시장,4,4,중앙시장,2,음식점,야채,잡화,의류,침구류
715,전통시장,인정시장,3,4,박달시장,2,농산물,정육(축산),가공,음식,기타
716,전통시장,인정시장,3,1,석수시장,2,마트,음식업,야채,,
717,전통시장,인정시장,3,4,안양관양시장,2,농산물,가공식품,,,
718,전통시장,인정시장,3,4,안양남부시장,1,1차농산물,정육,과일,식자재납품,
719,전통시장,인정시장,3,4,안양중앙인정시장,2,농산물,수산물,축산물,음식점,한복
720,전통시장,인정시장,3,4,안양호계종합시장,2,농산물,가공식품,수산물,,
721,전통시장,인정시장,3,4,중앙시장,2,공산품,의류,식품,,
722,전통시장,인정시장,3,3,양수리전통시장(양평양수리시장),2,농산물,,,,
723,전통시장,인정시장,3,3,양평물맑은시장,1,농산물,은행,산나물,해장국,
724,전통시장,인정시장,3,3,용문천년시장,2,버섯국밥,양평해장국,산나물,한우,농특산물
725,전통시장,미인정시장,4,4,가남시장,2,음식,잡화,생필품,의류,
726,전통시장,미인정시장,4,3,전곡5일장,2,과일,생선,음식,야채,의류
727,전통시장,인정시장,4,4,전곡재래시장,2,음식점,의류,축산업,미용실,
728,전통시장,인정시장,3,4,오색시장,2,"농,축산물",음식먹거리,,,
729,전통시장,미인정시장,4,4,백암5일장,2,농산물,축산물,가공식품,의류,신발
730,전통시장,인정시장,3,4,용인중앙시장,2,의류,일반음식,할인점,전기전자,귀금속
731,전통시장,인정시장,3,4,죽전로데오상점가전통시장,1,의류,신발,용품,,
732,전통시장,인정시장,3,1,부곡도깨비시장,2,농산물,과일,정육,건어물,방앗간
733,전통시장,인정시장,3,1,의정부제일시장,2,의류,음식점,수입품,제분소,육류
734,전통시장,인정시장,4,4,의정부청과야채시장,1,채소,마늘,닭,,
735,전통시장,인정시장,3,4,관고전통시장,2,분식,야채/청과,정육,음식,잡화
736,전통시장,인정시장,4,4,사기막골도자기시장,1,도자기,,,,
737,전통시장,인정시장,4,3,장호원전통시장,2,의류,음식,곡물,,
738,전통시장,인정시장,3,2,광탄시장,2,농산물,축산물,,,
739,전통시장,인정시장,4,2,금촌명동로시장,2,의류,귀금속,외국인마트,,
740,전통시장,인정시장,3,1,금촌문화로시장,2,이.미용,의류,일반음식점,,
741,전통시장,인정시장,4,2,금촌전통시장,2,떡집,음식,정육,야채,과일
742,전통시장,인정시장,3,2,문산자유시장,2,의류,음식점,약재,촉산물,반찬
743,전통시장,인정시장,4,1,적성전통시장,2,농산물,축산물,의류및신발,그릇,이불집
744,전통시장,인정시장,3,4,서정리시장,2,농수산물,축산물,가공식품,음식점,기타
745,전통시장,인정시장,3,4,송탄시장,2,야채,정육,생선,식당,의류
746,전통시장,인정시장,3,4,안중시장,2,요식업,정육점,의류,잡화,건어물
747,전통시장,인정시장,3,4,중앙시장,2,의류,악세사리,농수산물,수산물,음식점
748,전통시장,인정시장,2,4,통복시장,2,음식점,농수산물,의류,잡화,축산물
749,전통시장,미인정시장,4,3,신읍5일장,2,의류,농산물,수산,가공식품,
750,전통시장,인정시장,4,4,운천전통시장,2,음식,과일,신발,튀김,
751,전통시장,인정시장,4,4,일동전통시장,2,의류,그릇,식당,,
752,전통시장,인정시장,3,4,덕풍전통시장,2,농수산물,축산물,가공식품,,
753,전통시장,인정시장,4,4,신장전통시장,2,떡,정육,야채/과일,두부(가공),음식
754,전통시장,인정시장,3,4,남양시장,2,음식업,생필품,근린시설,,
755,전통시장,인정시장,3,4,발안시장,2,음식점,의류/신발,축산물,근린생활서비스,가정용품
756,전통시장,인정시장,3,4,사강시장,2,회센터,식당가,,,
757,전통시장,인정시장,3,4,조암시장,2,농산물,축산물,의류,공산품,
758,전통시장,인정시장,3,1,강릉동부시장,2,감자부침개,감자옹심이,소머리국밥,칼국수,
759,전통시장,인정시장,4,1,강릉서부시장,2,음식점,생선가게,기름집,공방,그릇
760,전통시장,인정시장,3,4,강릉성남시장,2,닭강정,국밥,장칼국수,마늘빵,어묵고로케
761,전통시장,인정시장,4,4,주문진건어물시장,2,오징어(건),황태,생선회,멸치,미역(다시마)
762,전통시장,인정시장,3,1,주문진수산시장,1,수산물,고등어,명태,오징어,
763,전통시장,인정시장,4,4,주문진종합시장,2,생선(생물),생선(건조),야채,음식점,방앗간
764,전통시장,인정시장,3,1,중앙시장,2,어물(건어물 수산시장),포목,"채소,반찬",식당,기타
765,전통시장,인정시장,4,4,간성시장(천년고성시장),2,수산물(회),과일,건어물,,
766,전통시장,인정시장,4,3,거진시장,2,농산물,수산물,축산물,가공식품,의류/신발
767,전통시장,인정시장,3,4,동쪽바다중앙시장,2,농산물,가공식품,,,
768,전통시장,인정시장,3,4,동해남부재래시장,2,음식류(반찬),소매잡화(마트),야채청과,의류,생활용품
769,전통시장,인정시장,3,4,묵호시장,2,어류,,,,
770,전통시장,인정시장,3,4,북평민속시장,2,농산물,수산물,음식(국밥),,
771,전통시장,인정시장,4,4,삼척번개시장,2,수산물,농산물,건어물,,
772,전통시장,인정시장,3,1,삼척중앙시장,2,문어,산나물,,,
773,전통시장,인정시장,3,4,속초종합중앙시장,2,닭강정,건어물,젓갈,수산물,
774,전통시장,인정시장,3,4,속초중앙전통시장(속초관광수산시장),2,닭강정,튀김,"건어물,반건조",젓갈,순대국 등
775,전통시장,인정시장,4,1,양구중앙시장,2,음식점(먹거리),의류,신발,야채류,잡종품목
776,전통시장,인정시장,4,1,양양전통시장,2,식품,음식전업,가공식품,의류,정육점
777,전통시장,인정시장,4,3,서부공설시장,2,닭강정,떡,식당,야채,잡화
778,전통시장,미인정시장,4,4,영월덕포5일장,2,감자(농산물),수산물(생선),의류,잡화,음식(분식/치킨/족발 등)
779,전통시장,인정시장,4,4,서부아침시장,2,메밀전병,닭강정,,,
780,상점가,상점가,4,3,영월중앙시장,2,전병/부치기,떡,,,
781,전통시장,인정시장,4,3,문막시장,2,채소,잡화,,,
782,전통시장,인정시장,3,1,미로예술원주중앙시장(원주중앙시장),2,의류,"농,축",식당,,
783,전통시장,인정시장,4,4,민속풍물시장,2,농산물,반찬,,,
784,전통시장,인정시장,4,1,북원상가시장,2,신발,옷,금방,컴퓨터,
785,전통시장,인정시장,3,1,원주남부시장,2,의류,잡화,음식,,
786,전통시장,인정시장,3,1,자유시장,2,음식,수입품,의류,손만두,
787,전통시장,인정시장,4,4,중앙시민전통시장,2,농산물,수산물,음식점,축산물,잡화
788,전통시장,미인정시장,4,4,기린면5일장,2,농산물,약초,건어물,,
789,전통시장,인정시장,4,4,원통시장,2,야채,생선,건어물,산나물,버섯
790,전통시장,인정시장,3,4,인제시장,2,의류,국밥,주스,전,미용
791,전통시장,인정시장,4,1,고한구공탄시장(고한시장),2,농산물,과일,,,
792,전통시장,인정시장,4,1,임계사통팔달시장,2,농산물,식품,약초,,
793,전통시장,인정시장,4,4,정선사북시장,2,농산물,건어물,나물,,
794,전통시장,인정시장,3,4,정선아리랑시장,1,산나물,약초,특산물,,
795,전통시장,인정시장,4,1,동송시장,2,농산물,공산품,먹거리,,
796,전통시장,인정시장,3,1,동송전통시장,2,의류,식품,청과,미용,정육
797,전통시장,인정시장,4,1,신철원시장,2,농산물,공산물,먹거리,,
798,전통시장,인정시장,3,1,와수시장,2,농산물,공산품,수산물,먹거리,
799,전통시장,인정시장,3,1,제일종합시장,2,의류,가전,화장품,과일,식당
800,전통시장,인정시장,4,1,춘천남부시장,2,주방기구,가구,음식,오락,
801,전통시장,인정시장,3,1,춘천동부시장,2,떡/부치기,반찬,건어물,의류,닭고기
802,전통시장,인정시장,4,1,춘천번개시장,2,야채,건어물,과일,,
803,전통시장,인정시장,3,1,춘천서부시장,2,가구,식당,,,
804,전통시장,인정시장,3,1,춘천중앙시장,2,의류,잡화,음식점,건어물,
805,전통시장,인정시장,3,1,춘천풍물시장,1,지역농산물,산지직송생선,약초,먹거리,의류(공산품)
806,전통시장,인정시장,4,4,춘천후평시장,2,채소,과일,호떡,,
807,전통시장,인정시장,4,4,장성중앙시장,2,식당,야채,,,
808,전통시장,인정시장,3,4,황지자유시장,2,전통시장,야채,당귀,버섯,
809,전통시장,인정시장,4,4,봉평전통시장(봉평시장),2,메밀,농산물,수산물,,
810,전통시장,인정시장,3,4,진부전통시장,2,농특산물,,,,
811,전통시장,인정시장,4,4,평창대화시장,2,일반식품,,,,
812,전통시장,인정시장,4,4,평창올림픽시장(평창전통시장),2,메밀,,,,
813,전통시장,인정시장,3,4,홍천시장,2,메밀전병,,,,
814,전통시장,인정시장,4,1,홍천중앙시장,2,메밀부침,의류,식당,농산물,수산물
815,전통시장,미인정시장,4,4,사내5일장,2,농산물,과일,꽃,옷,생선
816,전통시장,미인정시장,4,3,화천5일장,2,먹거리,과일,생선,의류,농수산물
817,전통시장,인정시장,4,1,화천재래시장,2,농산품,임산물,육가공,,
818,전통시장,인정시장,3,1,횡성시장,2,의류,외식,농산,,
819,전통시장,인정시장,3,4,괴산전통시장,2,농산물,수산물,의류 잡화,,
820,전통시장,인정시장,4,4,목도재래시장,2,식당,마트,농약사,철물,미용
821,전통시장,인정시장,4,4,청천전통시장,2,농특산물,잡화,,,
822,전통시장,인정시장,3,1,단양구경시장(단양인정시장),2,마늘,아로니아,마늘가공품,마늘가공먹거리,
823,전통시장,인정시장,4,4,매포전통시장(매포재래시장),2,음식점,의류판매,헤어서비스,과일청과,의료(병원약국)
824,전통시장,인정시장,4,4,영춘전통시장(영춘재래시장),2,음식점,마트,철물,미용실,방앗간
825,전통시장,인정시장,4,4,마로관기시장(관기재래시장),2,음식점,농약/비료,정육,슈퍼,
826,전통시장,인정시장,4,4,보은전통시장,2,농산물,수산물,정육,그릇,
827,전통시장,인정시장,3,4,보은종합시장,2,침구류,지업사,의류,식당,미용실
828,전통시장,인정시장,3,4,영동전통시장,2,과일,야채,의류,음식점,
829,전통시장,인정시장,4,1,영동중앙시장,2,의류,집기/제품,약제류,그릇,
830,전통시장,인정시장,4,3,옥천공설시장,2,곡물,야채,장류,,
831,전통시장,인정시장,4,1,옥천상가,2,의류,기물,신발,미장원,
832,전통시장,인정시장,4,4,감곡시장,2,쌀,고추,마늘,건어물,생선
833,전통시장,인정시장,3,4,대소시장,2,식당,잡화점,편의점,휴게실,
834,전통시장,인정시장,4,4,삼성시장,2,정육,음식,의류,,
835,전통시장,인정시장,3,4,무극시장,2,농산물,수산물,축산물,의류,식당
836,전통시장,인정시장,3,4,음성시장,2,음식업,의류업,미용업,축산업,
837,전통시장,인정시장,4,1,내토전통시장,2,농산물,생선,식당,,
838,전통시장,인정시장,4,1,덕산면전통시장,2,미용실,국수,약국,,
839,전통시장,인정시장,4,4,동문시장,2,정육,야채,떡,공산품,
840,전통시장,인정시장,4,1,박달재전통시장,2,떡,분식,이발소,화장품,
841,전통시장,인정시장,4,1,제천약초시장,1,약초,,,,
842,전통시장,인정시장,4,1,제천역전한마음시장,2,음식점,슈퍼,정육점,농산물,
843,전통시장,인정시장,3,1,제천중앙시장,2,의류,포목,수입품,신발,정육
844,전통시장,인정시장,4,4,증평장뜰재래시장,2,정육,음식,반찬,떡,야채
845,전통시장,인정시장,4,3,운수대통! 생거진천전통시장,2,쌀,약초,야채,오리,
846,전통시장,인정시장,4,1,진천중앙시장,2,떡,만두,생선,의류,잡화
847,전통시장,인정시장,4,4,가경터미널시장,2,농산물,가공식품,음식점,의류및신발,축산물
848,전통시장,인정시장,4,4,내덕자연시장,2,생선,정육,마켓,의류,미장원
849,전통시장,인정시장,4,4,내수전통시장,2,식당,미장원(근린생활서비스),의류,가정용품,
850,전통시장,미인정시장,4,4,문의전통시장(문의재래시장),2,음식점,농산물,근린생활서비스,가공식품,가정용품
851,전통시장,미인정시장,3,4,미원전통시장(미원재래시장),2,식당,미장원,의류,카페,가정용품
852,전통시장,인정시장,4,4,복대가경시장,2,농축산물,수산물,가공식품,의류,음식점
853,전통시장,인정시장,3,4,북부시장,2,떡,족발,순대,곰탕,농축산물
854,전통시장,인정시장,4,4,사직시장,2,방앗간,,,,
855,전통시장,인정시장,3,4,서문시장,1,삼겹살,,,,
856,전통시장,인정시장,4,4,오창전통시장,2,쌀집,떡집,음식점,정육점,방앗간
857,전통시장,미인정시장,3,4,옥산전통시장(옥산재래시장),2,의류,철물,축산,음식점,떡집
858,전통시장,인정시장,3,4,원마루시장,2,떡,스시,족발,순대국,삼겹살
859,전통시장,인정시장,2,4,육거리종합시장,2,야채과일,생선,의류,정육,
860,전통시장,인정시장,4,1,중앙시장,2,축산,농산품,과일,,
861,전통시장,인정시장,4,4,직지시장,2,축산,음식점,떡,의류,청과
862,전통시장,인정시장,4,4,청주두꺼비시장(구수곡시장),2,농산물,수산물,반찬류,생선,축산
863,전통시장,인정시장,4,4,청주사창시장,2,농축산물,공산품,,,
864,전통시장,인정시장,4,4,관아골상가,2,가구,식당,표구,인쇄,도장
865,전통시장,인정시장,3,1,농산물종합시장(중앙청과시장),2,사과,고추,배추,무,양파
866,전통시장,인정시장,4,4,목행시장,2,식당,의류,,,
867,전통시장,인정시장,3,4,무학시장,2,야채(더덕),생선,건어물,순대,의류
868,전통시장,인정시장,3,4,연수상가,2,음식점,,,,
869,전통시장,인정시장,4,4,연원시장,2,음식점,나물,생선,,
870,전통시장,인정시장,4,3,중앙어울림시장,1,학생복,국기사,순대,뜨게,수선
871,전통시장,인정시장,4,4,충주옹달샘시장,2,소머리국밥,짜장면,백반,전,보리밥
872,전통시장,인정시장,3,4,충주자유시장,2,의류,음식,농산물,생활용품,제유소
873,전통시장,인정시장,3,3,성서 문화의 거리 상점가,2,의류,미용실,신발,,
874,전통시장,인정시장,2,1,공주산성시장,2,농산물,축산물,음식점,의류,주단
875,전통시장,인정시장,3,1,산성시장활성화구역,2,의류,음식업,서비스업,,
876,전통시장,인정시장,4,3,유구시장,2,뿌리갓김치,채소,,,
877,전통시장,인정시장,3,1,금산국제인삼시장(금산인삼국제시장),1,인삼,홍삼,백삼,,
878,전통시장,인정시장,3,1,금산수삼센타,1,수삼,약재,,,
879,전통시장,인정시장,4,1,금산시장,1,의류,그릇,이불,어물,철공소
880,전통시장,인정시장,4,1,금산약초시장,2,농산물,가공식품,,,
881,전통시장,인정시장,4,4,금산인삼쇼핑센타,2,약초,홍삼,수삼,,
882,전통시장,인정시장,4,4,금산인삼전통시장,2,인삼,의류,음식,,
883,전통시장,인정시장,4,3,마전시장,2,정육,의류,미용,커피,부동산
884,전통시장,인정시장,4,2,중부프라자,2,건어물,과일,정육,양계,식당
885,전통시장,인정시장,4,4,강경대흥시장,2,젓갈,생선,정육,야채,잡화
886,전통시장,인정시장,3,4,강경젓갈시장,1,젓갈,액젓,,,
887,전통시장,인정시장,4,4,연무안심시장,2,마늘,수산,,,
888,전통시장,인정시장,4,3,연산전통시장,2,대추,순대,도토리묵,,
889,전통시장,인정시장,3,1,화지중앙시장,2,농산물,수산물,축산물,의류,음식
890,전통시장,인정시장,3,3,당진전통시장,2,생선,의류,과일,야채,
891,전통시장,인정시장,4,3,합덕전통시장,2,야채,건어물,수산,,
892,전통시장,인정시장,4,4,동부시장,2,떡,미용실,,,
893,전통시장,인정시장,3,4,보령중앙시장,2,김,건어물,,,
894,전통시장,인정시장,3,3,보령한내시장,2,수산,건어물,야채,,
895,전통시장,인정시장,4,4,웅천시장,2,식당,,,,
896,전통시장,인정시장,4,4,현대시장(현대상가시장),2,과일,야채,잡화,,
897,전통시장,인정시장,4,3,부여시장,2,과일,야채,정육,수산,의류
898,전통시장,인정시장,4,4,부여중앙시장,2,야채,생선,정육,,
899,전통시장,미인정시장,4,3,외산시장,2,채소,생선,과일,의류,
900,전통시장,미인정시장,4,3,은산시장,2,의류,신발,잡화,,
901,전통시장,인정시장,4,4,홍산시장,2,생선,야채,의류,식당,약초
902,전통시장,인정시장,4,3,대산종합시장,2,의류,식당,,,
903,전통시장,인정시장,3,3,서산동부전통시장(동부시장),2,수산물,식당,의류,농산물,건어물
904,전통시장,인정시장,4,3,해미시장,2,수산물,농산물,식당,카페,
905,전통시장,인정시장,4,3,해미종합시장,2,가정식백반,이불,근린생활,,
906,전통시장,미인정시장,4,3,비인전통시장(비인시장),2,생필품,,,,
907,전통시장,인정시장,3,3,서천특화시장,2,수산물전체,농산물전체,생활잡화,,
908,전통시장,인정시장,4,3,장항전통시장,2,조기,박대,꽃게,갑오징어,붕장어
909,전통시장,미인정시장,4,3,판교전통시장(판교시장),2,농산물,,,,
910,전통시장,미인정시장,4,3,한산전통시장(한산시장),2,생필품,소곡주,,,
911,전통시장,인정시장,3,4,둔포전통시장(둔포시장),2,음식,,,,
912,전통시장,인정시장,3,1,온양온천시장(온양전통시장),2,축산물,음식,의류,,
913,전통시장,미인정시장,4,4,온양온천역풍물5일장,2,농산물,,,,
914,전통시장,인정시장,4,3,고덕시장,2,사과즙,,,,
915,전통시장,인정시장,4,3,덕산시장,2,농산물,정육,식당,,
916,전통시장,인정시장,4,3,역전시장,2,의류,잡화,음식,,
917,전통시장,인정시장,4,1,예산상설시장,2,사과즙,,,,
918,전통시장,인정시장,4,3,예산시장,2,농산물,수산물,,,
919,전통시장,인정시장,3,4,천안중앙시장(구 남산중앙시장),2,식품,생활용품,침구류,기성복,
920,전통시장,인정시장,3,4,병천시장,2,포목,철물,그릇,장판,전기
921,전통시장,인정시장,4,4,성정시장,2,의류,식품,정육,,
922,전통시장,인정시장,3,3,성환이화시장,2,순대국밥,축산물,,,
923,전통시장,인정시장,3,3,천안역전시장,2,요식업,의류,잡화,,
924,전통시장,미인정시장,4,3,구기자약초시장,1,약초,,,,
925,전통시장,인정시장,4,3,정산시장,2,방아간,,,,
926,전통시장,인정시장,3,3,청양전통시장,2,농산물,의류,,,
927,전통시장,미인정시장,4,3,청양특화시장,1,고추,약초,,,
928,전통시장,인정시장,4,3,안면도수산시장(안면도장터),1,수산물,어패류,건어물,,
929,전통시장,인정시장,3,4,태안서부시장,2,꽃게,바지락,아나고,우럭,
930,전통시장,인정시장,3,3,태안특산물전통시장,2,수산물,의류,이불,그릇,
931,전통시장,인정시장,4,3,갈산정기시장,2,과일,공산품,의류,생선,
932,전통시장,인정시장,3,3,광천전통시장,1,장천토굴새우젓,장천김,젓갈류,홍성한우,수산물
933,전통시장,인정시장,4,1,홍성상설시장,2,야채,정육,생선,떡/방앗간,
934,전통시장,인정시장,3,3,홍성전통시장,2,농산물,축산물,수산물,한우,
935,전통시장,인정시장,4,1,고창전통시장,2,수산물,정육점,의류,,
936,전통시장,인정시장,4,3,대산전통시장,2,생선,야채,그릇,,
937,전통시장,인정시장,4,3,무장전통시장,2,수산물,,,,
938,전통시장,인정시장,4,3,상하전통시장,2,채소,과일,생선,잡화,
939,전통시장,인정시장,4,3,해리전통시장,2,수산물,,,,
940,전통시장,인정시장,4,3,흥덕전통시장,2,채소,의류,생선,철물,
941,전통시장,인정시장,3,3,군산공설시장,2,족발,박대,매운잡채,,
942,전통시장,인정시장,3,3,군산수산물종합센터,1,조기,박대,꽃게,갈치,
943,전통시장,인정시장,4,4,군산신영시장,2,수산물,농산물,야채,,
944,전통시장,인정시장,4,4,군산주공시장,2,축산물,농산물,수산물,,
945,전통시장,인정시장,4,4,대야전통시장,2,농산물,,,,
946,전통시장,인정시장,4,4,명산시장,1,조기,박대,홍어무침,국수,방앗간
947,전통시장,인정시장,4,4,역전종합시장,2,야채,생선,육류,,
948,전통시장,인정시장,4,4,금만시장,2,농산물,가공식품,,,
949,전통시장,인정시장,4,4,김제전통시장,2,농산물,가공식품,,,
950,전통시장,인정시장,4,4,역전시장,2,농산물,가공식품,,,
951,전통시장,인정시장,4,3,원평공설시장(김제원평시장),2,농산물,가공식품,,,
952,전통시장,인정시장,3,3,남원공설시장,2,산나물,채소,부각,식도,
953,전통시장,인정시장,4,3,남원인월시장,2,농산물,건어물,,,
954,전통시장,인정시장,3,1,용남시장,2,생선,건어물,의류,이불,
955,전통시장,인정시장,4,3,무주시장(반딧불장터),2,과일,채소,순대국밥,,
956,전통시장,인정시장,4,3,무풍시장(대덕산장터),2,농산물,,,,
957,전통시장,인정시장,4,3,설천시장(삼도봉장터),2,없음,,,,
958,전통시장,인정시장,4,3,안성시장(덕유산장터),2,생선,,,,
959,전통시장,인정시장,3,3,부안상설시장,2,농산물,가공식품,,,
960,전통시장,인정시장,4,3,줄포시장,2,농산물,가공식품,,,
961,전통시장,인정시장,4,3,동계시장,2,수산물,음식점,의류,농산물,가정용품
962,전통시장,인정시장,4,3,복흥시장,2,의류,농산,가정용품,가공,수산
963,전통시장,인정시장,3,3,순창시장,2,농산물,수산물,축산물,의류,가공식품
964,전통시장,인정시장,4,3,고산미소시장,2,양파/마늘,곶감,디저트류,체험공방,
965,전통시장,인정시장,4,3,봉동시장,2,야채,생선,약초,건어물,
966,전통시장,인정시장,4,3,삼례시장,2,건강식품,의류,야채,,
967,전통시장,인정시장,4,4,매일시장,2,농산물,가공식품,,,
968,전통시장,인정시장,3,4,북부시장,2,생선,야채,과일,양품,
969,전통시장,인정시장,4,1,익산 구시장,1,주단,"떡,기름",수산물,치킨,농약사
970,전통시장,인정시장,4,3,익산남부시장,2,통닭,옹기(공예),의류,음식점,농수산품
971,전통시장,인정시장,3,4,익산장(익산북부장),2,수산,정육,야채,과일,의류
972,전통시장,인정시장,4,3,함열시장,2,농산물,가공식품,,,
973,전통시장,인정시장,4,3,황등시장,2,건강식품,소고기,,,
974,전통시장,인정시장,4,3,강진시장,2,음식점업,수산,의류,농산물,가정용품
975,전통시장,인정시장,4,3,관촌시장,2,농산물,수산물,음식점,의류,가공
976,전통시장,인정시장,4,4,오수시장,2,수산,농산,의류,축산,가공
977,전통시장,인정시장,4,3,임실시장,2,농산물,수산물,가정용품,음식점,축산물
978,전통시장,인정시장,4,3,산서시장,2,그릇(주방),야채,옷,건어물,치킨집
979,전통시장,인정시장,4,3,장계시장,2,의류,야채,생선,잡화,음식점
980,전통시장,인정시장,4,3,장수시장,2,야채,의류,과일,,
981,전통시장,인정시장,3,4,모래내시장(전주),2,의류,야채,생선,육류,음식점
982,전통시장,인정시장,3,4,전주남부시장,2,농산물,가공식품,,,
983,전통시장,인정시장,3,4,전주신중앙시장(신중앙시장),2,농산물,가공식품,,,
984,전통시장,인정시장,3,1,전주중앙상가,2,의류,잡화,신발,귀금속,침구류
985,전통시장,인정시장,3,2,서부시장상점가(서부시장 통합),2,농산물,가공식품,,,
986,전통시장,인정시장,3,1,샘고을시장,2,농산물,수산물,,,
987,전통시장,인정시장,4,3,신태인시장,2,농산물,먹거리,,,
988,전통시장,인정시장,4,3,정읍연지시장(정읍제2시장),2,수산물,농산물,음식점,,
989,전통시장,인정시장,4,3,진안고원시장,2,의류,농산물,음식업,건어물,가공식품
990,전통시장,인정시장,4,3,강진읍시장,2,야채,청과,수산,의류,건어물
991,전통시장,인정시장,4,3,마량5일시장,2,야채,해산물,건어물,의류,
992,전통시장,인정시장,4,3,병영5일시장,2,야채,생선,건어물,,
993,전통시장,인정시장,4,3,과역전통시장,2,농수산,,,,
994,전통시장,인정시장,4,3,녹동전통시장,2,농수산,,,,
995,전통시장,인정시장,4,3,도화전통시장,2,농수산,,,,
996,전통시장,인정시장,4,3,동강전통시장,2,생선,야채,,,
997,전통시장,인정시장,4,3,곡성기차마을전통시장,2,농산물,의류,수산물,음식점,잡화
998,전통시장,인정시장,4,3,석곡전통시장,2,의류,주방용품,농산물,수산물,철물
999,전통시장,인정시장,4,3,옥과5일시장,2,농산물,수산물,잡화,의류,음식점
1000,전통시장,인정시장,4,3,광양5일시장,2,수산물,제철과일,"채소,나물",건어물,
1001,전통시장,인정시장,4,3,광양매일시장,2,농산,수산,축산,가공,식당
1002,전통시장,인정시장,4,3,광영상설시장,2,수산물,식당,식품,정육,건강원
1003,전통시장,인정시장,4,3,옥곡5일시장,2,수산물,농산물,,,
1004,전통시장,인정시장,4,3,중마시장,2,수산,농산,음식점,가공,정육
1005,전통시장,인정시장,3,3,구례5일시장,2,약재,채소,의류,수산,잡화
1006,전통시장,인정시장,4,3,구례상설시장,2,의류,생선,야채,,
1007,전통시장,인정시장,4,3,지리산나들이장터,1,산수유,꿀,조청,,
1008,전통시장,인정시장,4,3,공산5일시장,1,의류,그릇,생선,젓갈,
1009,전통시장,인정시장,3,3,나주목사고을시장,2,홍어,김치,식육,야채,떡
1010,전통시장,인정시장,4,3,남평5일시장,2,의류,농산,가정용품,,
1011,전통시장,인정시장,4,3,다시5일시장,2,농산물,수산물,,,
1012,전통시장,인정시장,4,3,세지5일장,2,잡화,수산물,농산물,,
1013,전통시장,인정시장,4,3,영산포풍물시장,2,농산물,수산물,,,
1014,전통시장,미인정시장,4,3,대전시장,2,채소,생선,국밥,한과,
1015,전통시장,인정시장,4,3,창평전통시장,2,야채,생선,한과,국밥,
1016,전통시장,인정시장,3,4,신중앙시장,2,한복,의류,음식점,,
1017,전통시장,인정시장,3,4,자유시장,2,수산물,농산물,음식점,공산품,
1018,전통시장,인정시장,4,4,중앙먹통시장,2,농산물,수산물,음식점,,
1019,전통시장,인정시장,3,4,청호시장,2,수산물,축산물,건어물,농산물,
1020,전통시장,인정시장,3,4,항동시장,2,수산물,농산물,,,
1021,전통시장,인정시장,4,3,무안전통시장,2,농산물,수산물,공산품,,
1022,전통시장,인정시장,4,3,일로전통시장,2,농산물,수산물,의류,,
1023,전통시장,인정시장,4,3,녹차골보성향토시장(보성읍5일시장),2,농수산,,,,
1024,전통시장,인정시장,4,3,벌교5일시장,2,농수산물,,,,
1025,전통시장,인정시장,4,4,벌교매일시장,2,농수산,,,,
1026,전통시장,인정시장,4,3,보성매일시장,2,농수산,,,,
1027,전통시장,인정시장,4,3,복내5일시장,2,농수산,,,,
1028,전통시장,인정시장,4,3,예당5일시장,2,농수산,,,,
1029,전통시장,인정시장,4,3,조성5일시장,2,농수산,,,,
1030,전통시장,인정시장,3,3,순천시아랫장(순천아랫장),2,수산,축산,,,
1031,전통시장,인정시장,3,1,역전시장,1,수산물,정육,야채,과일,
1032,전통시장,인정시장,3,3,웃장,2,국밥,정육,야채,떡,양곡
1033,전통시장,인정시장,4,3,지도시장,2,생선,젓갈,음식점,,
1034,전통시장,인정시장,3,1,(주)서시장,2,의류,음식점,,,
1035,전통시장,인정시장,4,4,교동시장,2,농수산,,,,
1036,전통시장,인정시장,4,4,도깨비시장,2,농수산,,,,
1037,전통시장,인정시장,4,3,봉산시장,2,음식점,,,,
1038,전통시장,인정시장,4,3,쌍봉시장,2,농수산물,,,,
1039,전통시장,인정시장,3,4,여수서시장주변시장,2,농수산,,,,
1040,전통시장,인정시장,3,1,여수수산물특화시장,1,수산물,,,,
1041,전통시장,인정시장,4,4,제일시장,2,식당,식품,,,
1042,전통시장,인정시장,3,1,중앙시장,1,포목,한복,의류,,
1043,전통시장,인정시장,4,4,진남시장,2,농수산,,,,
1044,전통시장,인정시장,4,4,해안로건어물상가시장,1,건어물,,,,
1045,전통시장,인정시장,3,3,(주)여수수산시장,2,수산물,농산물,갓김치,,
1046,전통시장,인정시장,4,4,영광고추특화시장,2,고추,농수산물,옷,먹거리,과일류
1047,전통시장,인정시장,4,4,굴비골영광시장(구 영광매일시장),2,굴비,송편,청과,정육,
1048,전통시장,인정시장,4,4,영광터미널시장,2,수산물,야채,식품류,송편,과일
1049,전통시장,인정시장,4,3,구림5일시장,2,어물,야채,과일,잡화,
1050,전통시장,인정시장,4,3,시종5일시장,2,수산물,농산물,,,
1051,전통시장,인정시장,4,3,신북5일시장,2,야채,잡화,,,
1052,전통시장,인정시장,3,3,영암5일시장,2,수산물,농산물,,,
1053,전통시장,인정시장,4,3,완도전통시장(구 완도5일시장),2,건어물,야채,수산물,,
1054,전통시장,인정시장,4,4,완도중앙시장,2,"의류,정육",식품,어류,건어물,
1055,전통시장,인정시장,4,3,사거리시장,2,농산물,수산물,가공,의류,음식점
1056,전통시장,인정시장,4,3,사창시장,2,건어물,농산물,수산물,의류,식당
1057,전통시장,인정시장,4,3,황룡시장,2,농산물,수산물,의류,가공식품,음식점
1058,전통시장,인정시장,4,3,대덕읍전통시장(대덕시장),2,과일,야채,,,
1059,전통시장,인정시장,3,3,정남진장흥토요시장,2,농산물,수산물,,,
1060,전통시장,인정시장,4,3,천관산관광시장,2,야채,수산물,축산물,,
1061,전통시장,인정시장,4,3,회진시장,2,수산물,농산물,,,
1062,전통시장,인정시장,4,3,임회면십일시장,2,농산물,수산물,,,
1063,전통시장,인정시장,4,1,진도상설시장,2,수산물,,,,
1064,전통시장,인정시장,4,3,진도읍조금시장,2,야채,과일,수산,의류,
1065,전통시장,인정시장,4,3,월야시장,1,의류,신발,그릇,,
1066,전통시장,인정시장,4,3,해보시장,1,의류,야채,식당,,
1067,전통시장,인정시장,4,3,남리5일시장,2,수산물,농산물,,,
1068,전통시장,인정시장,4,3,북평면남창5일시장,2,수산물,농산물,,,
1069,전통시장,인정시장,4,3,송지산정5일시장,2,수산,농산물,의류,,
1070,전통시장,인정시장,4,3,우수영5일시장,2,수산물,농산물,,,
1071,전통시장,인정시장,4,3,좌일5일시장,2,수산물,야채,,,
1072,전통시장,인정시장,4,4,해남매일시장,2,반찬,수산물,농산물,,
1073,전통시장,인정시장,3,3,해남읍5일시장,2,수산물,농산물,잡화,,
1074,전통시장,인정시장,4,3,화원5일시장,2,농산물,수산물,,,
1075,전통시장,인정시장,4,3,남면전통시장,2,농산물,의류,수산물,건어물,신발류
1076,전통시장,인정시장,4,3,능주전통시장,2,야채,농산물,생선,복숭아,파프리카
1077,전통시장,인정시장,4,3,이양전통시장,2,의류,수산물,농산물,기물(주방),
1078,전통시장,인정시장,4,3,화순전통시장(화순읍전통시장),2,복숭아,다슬기,흑염소,산약초,파프리카
1079,전통시장,인정시장,3,3,경산공설시장,2,과일,수산물,잡화,채소,음식
1080,전통시장,인정시장,3,3,자인공설시장,2,돔배기,간칼치,농산물,의류,음식
1081,전통시장,인정시장,4,3,하양공설시장,2,선어,정육,반찬,먹거리,의류
1082,전통시장,인정시장,4,3,감포시장,2,건어물,수산물,농산물,,
1083,전통시장,인정시장,2,3,경주성동공설시장,2,뷔페식당,문어코너,폐백코너,먹자골목,건어물코너
1084,전통시장,인정시장,3,4,경주중심상가시장,2,의류,미용/화장품,휴대폰,음식점,잡화
1085,전통시장,인정시장,2,4,경주중앙시장,2,소고기,회,포목,건어물,해물
1086,전통시장,인정시장,4,4,북부상가시장,2,닭튀김,새우튀김롤,참기름,김치,파스타
1087,전통시장,인정시장,4,4,북정로중심상가시장,2,양말,신발,족발,휴대폰,미장원
1088,전통시장,인정시장,3,3,불국사상가시장,2,음식점,토산품,카페,떡집,
1089,전통시장,인정시장,4,3,불국시장,2,한식당,건어물,카페,,
1090,전통시장,인정시장,4,4,서면시장,2,생선,참기름,야채,,
1091,전통시장,인정시장,3,3,안강공설시장,2,참기름,수산물,농산물,축산물,
1092,전통시장,인정시장,4,3,양남시장,2,농산물,수산물,식당,,
1093,전통시장,인정시장,4,3,양북시장,2,수산물,농산물,의류,,
1094,전통시장,인정시장,3,3,외동시장,2,농산물,수산물,식당,,
1095,전통시장,인정시장,2,4,제2경주중심상가시장,2,의류,음식,핸드폰,잡화,
1096,전통시장,인정시장,4,4,건천시장,2,농산물,수산물,축산물,한식당,
1097,전통시장,인정시장,4,1,고령대가야시장,2,건어물,양곡,소구레,과일,생선
1098,전통시장,인정시장,4,1,구미공단종합시장,2,치킨,김밥,국밥,보리밥,횟집
1099,전통시장,인정시장,2,1,구미산업유통단지,1,공구,전기,전자,반도체,유공압
1100,전통시장,인정시장,3,1,구미새마을중앙시장,2,음식점,의류,생선,축산,채소
1101,전통시장,인정시장,4,1,구미종합상가,2,수산업,음식점,한복,의류,신발
1102,전통시장,인정시장,4,1,구미파크시장,2,베이커리,슈퍼,정육점,약국,음식점
1103,전통시장,인정시장,3,1,금오시장,2,식당,부동산,일반사무실,,
1104,전통시장,인정시장,3,1,선산봉황시장,2,식육점,떡방앗간,의류,채소,건어물
1105,전통시장,인정시장,4,1,신평전통시장,2,국밥,반찬,수제비,가공식품,
1106,전통시장,인정시장,4,1,인동시장,2,신발,이불,반찬,약재,순대
1107,전통시장,인정시장,4,3,장천시장,2,건어물,농산물,옷,잡화,식당
1108,전통시장,인정시장,4,1,제일시장상가,2,식당,보석,레코드,커피,미용실
1109,전통시장,인정시장,4,1,종합제일시장,2,의류,식당,화장품,한복,수산
1110,전통시장,인정시장,4,3,해평공설시장,2,농산물,육류,의류,식당,마트
1111,전통시장,인정시장,4,1,현대유통쇼핑센타,2,의류,신발,한복,이불,잡화
1112,전통시장,인정시장,4,1,형곡시장프라자,2,숙녀복,공예,홈패션,,
1113,전통시장,인정시장,4,1,형곡중앙시장,2,순대,야채,과일,생선,반찬
1114,전통시장,인정시장,4,3,군위전통시장,2,농산물,음식점,의류,철물,
1115,전통시장,인정시장,4,3,의흥시장,2,농산물,농기구,의류,생닭,
1116,전통시장,인정시장,3,1,평화시장,2,순대국밥,생선,농산물,,
1117,전통시장,인정시장,3,1,황금시장,2,농산물,족발,순대국밥,돼지갈비,정육
1118,전통시장,인정시장,4,1,(유)문경시중앙시장,2,오미자,과일,채소,음식,
1119,전통시장,인정시장,4,3,가은아자개시장,2,채소,과일,고기,,
1120,전통시장,인정시장,4,3,문경전통시장,2,채소,고기,음식점,,
1121,전통시장,인정시장,4,2,점촌전통시장 (구 신흥시장),2,채소,고기,과일,잡곡,떡
1122,전통시장,인정시장,3,3,문경중앙시장,2,곡식,과일,채소,육류,음식
1123,전통시장,인정시장,3,1,봉화상설시장,2,야채,과일,잡곡,건어물,방앗간
1124,전통시장,인정시장,3,3,봉화춘양시장(춘양시장),2,야채,과일,잡곡,건어물,방앗간
1125,전통시장,인정시장,3,3,상주중앙시장,2,채소,과일,육류,잡곡,
1126,전통시장,인정시장,4,3,은척시장,2,다슬기,민물,농약,,
1127,전통시장,인정시장,4,4,풍물시장,2,채소,과일,육류,,
1128,전통시장,인정시장,4,3,함창시장,2,농산물,가공식품,,,
1129,전통시장,인정시장,4,3,화령시장,2,곡식,채소,과일,농약,음식
1130,전통시장,인정시장,4,3,성주시장,2,순대국밥,농산물,소고기 장터국밥,유기농 야채및과일,
1131,전통시장,인정시장,4,3,구담공설시장,2,음식점,농산물,,,
1132,전통시장,인정시장,3,4,안동구시장,2,음식점,수산업,가공식품,의류신발,가정용품
1133,전통시장,인정시장,4,3,용상공설시장,2,농산물,음식점,수산물,,
1134,전통시장,인정시장,3,4,중앙신시장,2,농산물,수산물,음식점,건어물,
1135,전통시장,인정시장,4,3,풍산공설시장,2,음식류,가공식품,,,
1136,전통시장,인정시장,4,4,북문시장,2,농산물,가공식품,기타소매점,음식점,
1137,전통시장,인정시장,4,3,강구시장,2,과일,수산,채소,축산,의류
1138,전통시장,인정시장,4,3,남정시장,2,농산,축산,수산,의류,음식
1139,전통시장,인정시장,4,3,영덕시장,2,야채,과일,생선,육류,의류
1140,전통시장,인정시장,3,3,영해만세시장,2,농산물,수산물,의류,축산물,생활용품
1141,전통시장,인정시장,4,3,영양시장,2,농산물,가정용품,가공식품,의류,신발
1142,전통시장,인정시장,4,1,선비골전통시장,2,한우,문어,채소,과일,의류
1143,전통시장,인정시장,4,4,신영주번개시장,2,한우,문어,농산물,사과,약초
1144,전통시장,인정시장,4,4,영주골목시장,2,제사음식,반찬류,과일,야채,
1145,전통시장,인정시장,4,3,영주공설시장,2,수퍼,식육점,건어물,식당,
1146,전통시장,인정시장,3,4,영주문화시장,2,의류,음식점,커피숍,,
1147,전통시장,인정시장,4,1,영주소백쇼핑몰,2,주단,포목,의류,,
1148,전통시장,인정시장,4,1,영주종합시장,2,농산물,의류,축산,문어,
1149,전통시장,인정시장,4,1,영주중앙시장,2,공산품,음식,공예상품,커피,
1150,전통시장,인정시장,4,1,풍기인삼시장,1,수삼,홍삼,홍삼액기스,,
1151,전통시장,인정시장,4,1,풍기중앙시장,2,채소류,식육,잡곡,잡화,
1152,전통시장,인정시장,4,1,풍기토종인삼시장,1,인삼,홍삼,인견,,
1153,전통시장,인정시장,4,4,후생시장,2,고추,식음료,의복,축산,제과점
1154,전통시장,인정시장,4,3,금호공설시장,2,음식점,옷가게,과일상회,수산업,떡집(방앗간)
1155,전통시장,인정시장,4,3,신녕공설시장,2,식당,닭집,건어물,포목,
1156,전통시장,인정시장,3,3,영천공설시장,2,어물(돔배기),곰탕,건어물,의류,채소
1157,전통시장,인정시장,4,2,예천맛고을시장,2,음식점,미용실,신발가게,,
1158,전통시장,인정시장,4,1,예천상설시장,2,채소,식품,잡곡류,음식점,
1159,전통시장,인정시장,4,3,예천중앙시장,2,채소,축산,음식점,,
1160,전통시장,인정시장,4,3,용궁시장,2,음식점,가공식품,,,
1161,전통시장,인정시장,4,1,풍양시장,2,음식점,농산물,근린생활서비스,,
1162,전통시장,인정시장,3,3,울진시장,2,농산물,과일,수산물,축산물,의류
1163,전통시장,인정시장,4,3,죽변시장,2,과일,건어물,수산,축산,의류
1164,전통시장,인정시장,4,3,척산시장,2,농산,축산,수산,의류,음식점
1165,전통시장,인정시장,4,3,평해시장,2,농산물,수산물,의류,축산물,생활용품
1166,전통시장,인정시장,4,3,후포시장,2,농산물,수산물,생활용품,의류,축산물
1167,전통시장,인정시장,4,3,흥부시장,2,농산물,축산물,음식점,의류,
1168,전통시장,인정시장,4,3,매화시장,2,농산물,수산물,매화쌀엿,의류,축산물
1169,전통시장,인정시장,4,3,금성시장,2,옷,침구류,건어물,생선,채소
1170,전통시장,인정시장,4,3,다인정기시장,2,수산물,농산물,종묘상,의류,철물
1171,전통시장,인정시장,4,3,단촌정기시장,2,마트,식당,농자재,농산물,
1172,전통시장,인정시장,4,3,봉양시장,2,농산물,주방용품,의류,,
1173,전통시장,인정시장,4,3,안계공설시장,2,쌀,채소,수산물,,
1174,전통시장,인정시장,4,3,의성공설재래시장,2,마늘,고추,농산물,,
1175,전통시장,인정시장,4,4,의성염매시장,2,과일,생선,건어물,,
1176,전통시장,인정시장,4,3,동곡공설시장,2,수산물,농산물,참기름,의류,
1177,전통시장,인정시장,4,3,이서공설시장,2,의류,떡류,참기름,농산물,
1178,전통시장,인정시장,3,3,청도공설시장,2,농산물,수산물,참기름,의류,
1179,전통시장,인정시장,4,3,풍각공설시장,2,농산물,건고추,수산물,축산물,
1180,전통시장,인정시장,4,3,도평시장,2,과일,건어물,생선,축산,의류
1181,전통시장,인정시장,4,3,부남시장,2,과일,채소,생선,육류,의류
1182,전통시장,인정시장,3,3,진보시장,2,농산물,생선,축산,의류,음식
1183,전통시장,인정시장,4,3,청송시장,2,농산물,생선,의류,축산,과일
1184,전통시장,인정시장,4,3,화목시장,2,건어물,곡물,생선,과일,채소
1185,전통시장,인정시장,4,3,안덕시장,2,생선,과일,채소,의류,축산
1186,전통시장,인정시장,3,1,왜관시장,2,순대국밥,야채,생닭,건어물,떡
1187,전통시장,인정시장,3,3,구룡포시장,2,대게,수산,과일,야채,건어물
1188,전통시장,인정시장,4,4,그린종합시장,2,의류,음식점,야채,농수산,마트
1189,전통시장,인정시장,4,2,남부시장,2,수산물,가공식품,과일,,
1190,전통시장,인정시장,3,4,대해불빛시장,2,농산물,축산물,음식점,,
1191,전통시장,인정시장,4,4,두호1시장,2,축산,과일,어류,반찬,분식
1192,전통시장,미인정시장,4,4,삼경시장,2,닭발,야채,잡곡,,
1193,전통시장,인정시장,4,4,상대종합시장,2,축산물,음식점,양곡류,,
1194,전통시장,인정시장,4,4,양학시장,2,한식,수산물,,국밥,기타
1195,전통시장,인정시장,3,4,연일전통시장,2,횟집,식육점,미장원,식당,과일
1196,전통시장,인정시장,4,4,영남시장,2,야채,과일,떡,추어탕,
1197,전통시장,인정시장,3,3,영일대북부시장,2,생선회,과일,채소,식육,의류
1198,전통시장,미인정시장,4,4,오천대영시장,2,떡,채소,생선,횟집,분식
1199,전통시장,인정시장,4,4,오천삼광시장,2,축산물,채소류,수산물,과일,쌀
1200,전통시장,인정시장,3,3,오천시장,2,생선,칼국수,참기름,건어물,떡집
1201,전통시장,미인정시장,4,4,오천용덕시장,2,통닭,참기름,미용실,소주방,
1202,전통시장,미인정시장,4,4,오천제일상가시장,2,채소,횟집,음식점,참기름,
1203,전통시장,미인정시장,4,4,오천중앙시장,2,건강원,참기름,식당,소주방,
1204,전통시장,미인정시장,4,4,이동시장,2,농산물,축산물,식당,,
1205,전통시장,인정시장,4,4,장량성도시장,2,김밥,반찬,생선,,
1206,전통시장,인정시장,4,4,장량시장,2,의류,화장품,식당,채소류,과일
1207,전통시장,인정시장,2,4,죽도농산물시장,2,농산물,건어물,수산물,,
1208,전통시장,인정시장,3,4,죽도시장,2,건어물,식품류,수산물,의류,잡화
1209,전통시장,인정시장,3,4,죽도어시장,1,수산물,,,,
1210,전통시장,미인정시장,4,4,죽도종합상가,2,농산물,수산물,축산물,가공식품,음식점
1211,전통시장,인정시장,1,4,중앙상가,2,의류,신발,음식점,귀금속,
1212,전통시장,인정시장,4,3,청하시장,2,식당,방앗간,횟집,신발,찻집
1213,전통시장,미인정시장,4,4,칠성시장,2,농산물,축산물,수산물,가공식품,음식점업
1214,전통시장,인정시장,3,4,큰동해시장,2,떡,족발,반찬,과일,야채
1215,전통시장,인정시장,4,4,포항운하송림시장,2,청과류,축산물,식당,,
1216,전통시장,인정시장,4,4,한라종합시장,2,과일,채소(부식),방앗간,반찬가게,생선
1217,전통시장,미인정시장,4,4,항구시장,2,참기름,음식점,재항원,떡집,수선
1218,전통시장,인정시장,4,1,해도5(형산)시장,2,축산물,채소류,양곡류,,
1219,전통시장,미인정시장,4,4,해변종합큰상가,2,고추 참기름,음식점,반찬,식육,생선
1220,전통시장,인정시장,3,4,효자시장,2,농산물,축산물,수산물,식당,공산품
1221,전통시장,인정시장,3,3,흥해시장,2,농산물,의류,횟집,건어물,분식
1222,전통시장,인정시장,4,1,거제고현시장,2,수산물,농산물,음식점,,
1223,전통시장,인정시장,4,4,신부시장,2,수산물,야채,식당,,
1224,전통시장,인정시장,4,4,옥수동새시장,2,음식점,수산물,떡집,,
1225,전통시장,인정시장,4,4,옥수시장,2,농산물,수산물,,,
1226,전통시장,인정시장,4,4,옥포국제시장,2,수산물,농산물,건어물,,
1227,전통시장,인정시장,4,4,옥포중앙시장,2,식당,휴대폰,농산물,,
1228,전통시장,인정시장,4,4,옥현상가,2,의류,식당,,,
1229,전통시장,인정시장,4,4,장평종합시장,2,의류,음식점,,,
1230,전통시장,인정시장,4,4,한라프라자,2,의류,공예품,옷수선,,
1231,전통시장,인정시장,4,1,회원프라자,2,음식점,모텔,기원,,
1232,전통시장,미인정시장,4,1,가조공설시장,2,농산물,수산물,의류,잡화,
1233,전통시장,인정시장,3,1,거창시장,2,농산물,잡화,,,
1234,전통시장,인정시장,4,4,고성공룡시장,2,수산물,축산물,채소,,
1235,전통시장,인정시장,4,3,배둔시장,2,수산물,농산물,,,
1236,전통시장,인정시장,3,4,김해전통시장(김해동상시장),2,제수용품(가공),생선,야채,외국인물품(과일),떡집
1237,전통시장,인정시장,4,4,삼방시장,2,베이커리,포크밸리,반찬특화거리,농산물,수산물
1238,전통시장,인정시장,3,4,외동전통시장,2,농산,가공,수산,의류,축산
1239,전통시장,인정시장,3,3,장유전통시장(장유중앙시장),2,농산,식당,수산,의류,기타소매
1240,전통시장,인정시장,4,3,진례전통시장,2,농산,수산,의류,,
1241,전통시장,인정시장,4,3,진영전통시장,2,농산,가공,기타,의류,근린
1242,전통시장,인정시장,4,3,남면공설시장,2,수산,농산,의류,철물,
1243,전통시장,인정시장,3,1,남해전통시장,2,농산,수산,의류,가공,철물
1244,전통시장,인정시장,4,3,이동시장(이동공설시장),2,수산,농산,축산,,
1245,전통시장,미인정시장,4,3,지족공설시장,2,수산,농산,,,
1246,전통시장,인정시장,3,4,내일전통시장,2,농산물,수산물,축산물,떡,참기름
1247,전통시장,인정시장,4,3,무안시장(무안임시시장),2,농산물,가공식품,,,
1248,전통시장,인정시장,3,1,밀양아리랑시장,2,의류,침구,피복,잡화,
1249,전통시장,인정시장,4,3,송백시장,2,농산물,가공식품,,,
1250,전통시장,인정시장,4,3,송지시장,2,옷,식당,그릇,농약,수산물
1251,전통시장,인정시장,4,4,수산시장,2,수산물,야채,,,
1252,전통시장,인정시장,4,3,곤양종합시장,2,수산물,의류,농산물,,
1253,전통시장,인정시장,3,1,사천읍시장,2,음식점,채소가게,의류소매,방앗간,먹거리
1254,전통시장,인정시장,3,3,삼천포용궁수산시장,1,활어,선어,패류,건어물,"기타(채소, 분식 등)"
1255,전통시장,인정시장,3,4,삼천포종합시장,2,창고,의류 판매,요식업,수산물,서비스
1256,전통시장,인정시장,3,4,삼천포중앙시장,2,공산품,농산물,수산물,,
1257,전통시장,인정시장,4,3,완사시장,2,농산물,해산물,순대국밥,,
1258,전통시장,인정시장,4,3,단계시장,2,옷,음식,,,
1259,전통시장,인정시장,4,3,단성시장,2,식당,,,,
1260,전통시장,인정시장,4,3,덕산시장,2,약초,,,,
1261,전통시장,인정시장,4,1,산청시장,2,채소,농산물,,,
1262,전통시장,인정시장,4,3,생초시장,2,방앗간,건강원,,,
1263,전통시장,인정시장,3,1,덕계종합상설시장,2,농수산물,음식점(한식/양식/중식/분식/회/영양식/커피),건어물,이미용,의류/잡화
1264,전통시장,인정시장,4,3,서창시장,1,야채,식당,과일,,
1265,전통시장,인정시장,4,3,신평시장,2,야채,생선,의류,식당,
1266,전통시장,인정시장,3,1,양산남부시장,2,농산품,축산품,수산품,공산품,
1267,전통시장,인정시장,3,4,양산남부시장상가,2,농산물,축산물,수산물,의류,잡화
1268,전통시장,인정시장,3,1,양산북부시장,2,음식점(먹거리),떡,방앗간,인테리어,중탕
1269,전통시장,인정시장,4,3,신반시장,2,야채,건어물,수산물,과일,곡물
1270,전통시장,인정시장,4,4,의령시장,2,야채,의류,수산물,축산물,음식
1271,전통시장,인정시장,4,3,금곡시장,2,생선가게,농산물,의류,잡화,
1272,전통시장,인정시장,4,3,대곡시장,2,농산물,수산물,의류,잡화,가정용품
1273,전통시장,인정시장,4,1,동부종합상가,2,식당,유흥업소,식자재유통,,
1274,전통시장,인정시장,4,3,문산시장,2,생선,농수산물,잡화,,
1275,전통시장,인정시장,3,1,이현종합상가,2,가구,일반사무실,,,
1276,전통시장,인정시장,4,3,일반성상가(일반성시장),2,식당,의류,잡곡,수산물,
1277,전통시장,인정시장,3,1,자유시장,2,농산물,수산물,잡화(의류),,
1278,전통시장,인정시장,3,1,진주동성상가,2,의류,식당,컴퓨터,수제품(공예),
1279,전통시장,인정시장,3,1,진주논개시장,2,어류/어물,주방기구/물품,가구,의류,
1280,전통시장,인정시장,3,1,진주중앙시장,1,한복,주단/비단,건어물,의류,이불
1281,전통시장,인정시장,4,1,천전시장,2,의류,음식점,방앗간,이불집,
1282,전통시장,인정시장,4,1,평거한보하이타운,2,공방용,컬러/수예 등,샌드위치/떡류,,
1283,전통시장,인정시장,4,4,남지시장,2,야채,생선,의류,,
1284,전통시장,미인정시장,4,3,대합정기시장,2,신발,옷가게,농산물,생선,
1285,전통시장,인정시장,4,4,영산시장,1,야채,생선,약초,건어물,과일
1286,전통시장,인정시장,4,4,이방정기시장,2,식당,건어물,철물,신발,옷가게
1287,전통시장,인정시장,4,1,창녕상설시장,2,민속떡,족발,잡화,건강식푼,생선/채소
1288,전통시장,인정시장,4,3,창녕시장,2,생선,민물고기,의류,분식,과일/농산물
1289,전통시장,미인정시장,4,3,가술시장(대산가술시장(5일장)),2,의류,농산,수산,,
1290,전통시장,인정시장,3,4,가음정대상가,2,음식점,잡화,의류,병원,스포츠
1291,전통시장,인정시장,3,4,가음정시장,2,민속떡,족발,생선회,반찬류,과일
1292,전통시장,인정시장,4,1,경민인터빌상가,2,피부관리,음식점,사무실,미용실,커피숍
1293,전통시장,인정시장,4,4,경창상가,2,식당가,도/소매,목욕탕,마트,
1294,전통시장,인정시장,3,3,경화시장,2,농산물,수산물,음식점,철물점,구제옷
1295,전통시장,인정시장,4,1,구암시장,2,문구,음식점,학원,미용실,세탁
1296,전통시장,인정시장,3,1,기산프라자,2,마트,컴퓨터 도매,전기부품,,
1297,전통시장,인정시장,4,4,대동그린코아상가,2,의류/안경,마트/약국,은행/음식/철물,학원/스포츠,미장원/의원
1298,전통시장,인정시장,3,4,대동씨코아상가시장,1,식당,문구류,옷,학원,운동
1299,전통시장,인정시장,4,4,대동중앙상가,2,떡,제과,정육,,
1300,전통시장,인정시장,3,4,대동훼미리코아상가,2,도소매업,화장품,의류,문방구,미용실
1301,전통시장,인정시장,4,4,대방덕산1차상가,2,활어회,낙지전문점,보리밥전문점,전통떡방앗간,국산고기전문점
1302,전통시장,인정시장,4,1,동마산시장,2,식품,음식점,농수산물,,
1303,전통시장,인정시장,4,4,동성올림픽타운,2,음식점,미용실,커피숍,,
1304,전통시장,인정시장,4,4,롯데종합상가,2,식당,의류,,,
1305,전통시장,인정시장,3,1,마산수산시장,1,냉동수산물,어패류,활어,,
1306,전통시장,인정시장,2,1,마산어시장,2,수산물,건어물,젓갈,농산물,청과
1307,전통시장,인정시장,4,1,마산역번개시장,2,농산물,수산물,축산물,,
1308,전통시장,인정시장,4,4,명곡종합상가,2,음식점,근린생활,수산,,
1309,전통시장,인정시장,3,4,명서시장,2,떡,농산물,참기름/방앗간,의류,축산물
1310,전통시장,인정시장,3,4,반송시장,2,농산물,축산물,칼국수,족발,회 등 먹거리
1311,전통시장,인정시장,3,4,봉곡시장,2,식당,야채,떡,식육,
1312,전통시장,인정시장,4,4,봉곡프라자상가,2,민물횟집,바다횟집,대형마트,식당가,의류
1313,전통시장,인정시장,4,4,부림상시장,2,잡화,농산물,가구류,방앗간,
1314,전통시장,인정시장,3,4,부림시장,1,주단/한복,의류,식당가,공예,잡화
1315,전통시장,인정시장,4,1,북마산가구시장,1,가구,,,,
1316,전통시장,인정시장,4,4,북마산중앙시장,2,과일,야채,음식점,수산물,횟집
1317,전통시장,인정시장,3,4,사파동성종합상가,2,미용실,음식점,은행,서점,떡집
1318,전통시장,인정시장,4,4,산호시장,2,야채,수산물,축산,가공식품,
1319,전통시장,인정시장,2,4,상남시장,2,음식점,식자재,의류,,
1320,전통시장,인정시장,4,4,서마산시장,2,야채,과일,방앗간,건어물,
1321,전통시장,인정시장,4,1,석전시장,2,야채,생선,과일,음식점,의류
1322,전통시장,인정시장,3,4,성원3차상가,2,식당,치킨,의류,잡화,미용
1323,전통시장,인정시장,2,4,성원그랜드쇼핑상가,2,의류,금/은,음식점,슈퍼,가정용품
1324,전통시장,인정시장,4,4,소계시장,2,의류,채소,축산,가정용품,가공
1325,전통시장,인정시장,4,3,소계옛길시장,2,축산,수산,농산,가공,
1326,전통시장,인정시장,4,4,소답시장,2,수산물,의류,축산물,농산물,
1327,전통시장,인정시장,4,4,신마산반월시장(반월시장),2,축산물,농산물,방앗간,의류,
1328,전통시장,인정시장,4,4,신마산시장,2,채소,수산물,반찬,횟집,음식점
1329,전통시장,미인정시장,4,3,신촌시장(북면신촌시장(5일장)),2,서비스,농산물,생선,,
1330,전통시장,인정시장,4,1,양곡종합상가,2,식당,1차식품,잡화,,
1331,전통시장,인정시장,4,4,양덕중앙시장,2,의류,떡,이불,수산,
1332,전통시장,인정시장,4,1,역전통합시장,2,식당,실비,구제,,
1333,전통시장,인정시장,4,3,웅천시장,2,수산,야채,의류,,
1334,전통시장,인정시장,3,2,월영대시장,2,커피전문점,음식점,안경점,,
1335,전통시장,인정시장,4,4,유신종합상가,2,슈퍼,음식,세탁,,
1336,전통시장,인정시장,4,4,정우새어시장,2,채소,가공식품,건어물,식자재 도매,
1337,전통시장,인정시장,4,4,중앙시장(창원중앙시장),2,식육,세탁소,이미용실,음식점,
1338,전통시장,인정시장,4,1,지귀시장,2,의류,생활용품,농축산물,,
1339,전통시장,인정시장,4,3,진동시장,2,생선,야채,과일,,
1340,전통시장,인정시장,4,3,진동전통시장,2,생선,야채,육류,,
1341,전통시장,인정시장,4,1,진해중부시장,2,밥집,옷집,옷수선,장판,"술집,통닭"
1342,전통시장,인정시장,3,1,진해중앙시장,2,수산물,농산물,의류,식당,잡화
1343,전통시장,인정시장,3,4,창원기계공구상가,1,기계류,컴퓨터부품,,,
1344,전통시장,인정시장,3,4,창원도계부부시장,2,축산물,수산물,가공식품,의류,
1345,전통시장,인정시장,4,1,창원캔버라상가,2,토산품(민속공예품),음식점,,,
1346,전통시장,인정시장,4,4,창원코아상가,2,식당,화장품,꽃,,
1347,전통시장,인정시장,4,4,코오롱타운상가,2,세탁,가공반찬,의류,근린,
1348,전통시장,인정시장,3,4,토월복합상가시장,2,횟집,음식점,유흥시설,,
1349,전통시장,인정시장,4,1,합성동상가,1,음식점,의류,,,
1350,전통시장,인정시장,4,1,합성옛길시장,1,음식점,,,,
1351,전통시장,인정시장,4,1,회성종합시장,2,야채,음식점,이D실,과일,
1352,전통시장,인정시장,4,4,합성대로상가,1,의류,,,,
1353,전통시장,인정시장,3,1,북신전통시장,2,수산물,농산물,자연산 회,수제두부,닭발
1354,전통시장,인정시장,3,1,서호전통시장,2,장어,활어,어패류,건어물,
1355,전통시장,인정시장,3,1,통영중앙전통시장,2,할어 해산물,건어/멸치,충무김밥,젓갈,꿀빵
1356,전통시장,인정시장,4,3,계천공설시장(계천시장),2,농수산물,수산물,기타 소매점,,
1357,전통시장,인정시장,4,3,북천공설시장,2,음식점,의류,잡화,,
1358,전통시장,인정시장,4,3,옥종공설시장,2,의류,약제,철물,기물,수산
1359,전통시장,인정시장,4,3,진교공설시장,2,채소,잡화,농산물,수산물,
1360,전통시장,인정시장,3,3,하동공설시장,2,수산물,청과,잡화,미곡,식당
1361,전통시장,인정시장,4,3,횡천공설시장(횡천시장),2,음식점,농산물,잡화,,
1362,전통시장,인정시장,4,1,가야상설시장(가야시장),2,의류,신발,이불,식당,
1363,전통시장,인정시장,4,3,군복공설시장,2,농산물,축산물,수산물,의류,
1364,전통시장,인정시장,4,3,대산공설시장,2,농산물,의류,가정용품,,
1365,전통시장,인정시장,4,3,칠원공설시장,2,의류,수산물,농산물,,
1366,전통시장,인정시장,4,3,마천전통시장,1,특산물,,,,
1367,전통시장,인정시장,4,3,안의시장,2,농산물,,,,
1368,전통시장,인정시장,3,1,지리산함양시장,2,농산물,가공식품,,,
1369,전통시장,인정시장,4,3,함양토종약초시장,1,약초,,,,
1370,전통시장,인정시장,4,3,가야시장,2,옷,생선,건어물,,
1371,전통시장,인정시장,4,3,삼가시장,2,건어물,옷,생선,,
1372,전통시장,인정시장,4,3,야로시장,2,생선,건어물,옷,,
1373,전통시장,인정시장,4,3,초계시장,2,방앗간,옷,수산,,
1374,전통시장,인정시장,4,1,합천시장,2,야채,참기름,생활용품,,
1375,전통시장,인정시장,3,3,고성오일시장,2,농산물,갈치,의류,과일,
1376,전통시장,인정시장,3,3,대정오일시장,2,농산물,수산물,의류/신발,축산물,가공식품
1377,전통시장,인정시장,3,4,서귀포매일올레시장,2,농산물,수산물,축산물,공산품,
1378,전통시장,인정시장,2,3,서귀포향토오일시장,2,청과,야채,생선,식당,의류 외
1379,전통시장,인정시장,4,3,중문오일시장,2,농산물,수산물,옷,신발,가공식품
1380,전통시장,인정시장,4,3,표선오일시장,2,농산물,건어물,의류,가공식품,
1381,전통시장,인정시장,4,4,도남시장,2,음식,잡화,,,
1382,전통시장,인정시장,4,1,동문시장(주),2,포목,한복,침구,커텐,식당
1383,전통시장,인정시장,4,4,보성시장,2,수산,음식점,축산,반찬,
1384,전통시장,인정시장,3,3,세화오일시장,2,의류,수산물,농산물,식품,공산품
1385,전통시장,인정시장,4,4,신산시장,2,식품,의자재,,,
1386,전통시장,인정시장,4,4,제주동문수산시장,1,수산물,농산물,가공식품,,
1387,전통시장,인정시장,4,3,제주시동문공설시장,2,음식점,건어물,청과,,
1388,전통시장,인정시장,3,4,제주시동문재래시장,2,감귤,갈치,흑돼지,한라봉,음식
1389,전통시장,인정시장,2,3,제주시민속오일시장,2,과일,생선,화훼,,
1390,전통시장,인정시장,4,3,제주시서문공설시장,2,축산물,수산물,농산물,,
1391,전통시장,인정시장,3,4,제주칠성로상점가(칠성로상점가),1,의류,신발,악세사리,귀금속류,
1392,전통시장,인정시장,3,4,중앙로상점가,2,특산물,의류,서비스,음식점,수산물
1393,전통시장,인정시장,4,4,한림매일시장,2,농산물,수산물,식당,의류,
1394,전통시장,인정시장,3,3,한림민속오일시장(한림오일시장),2,수산물,농산물,과일,양장(옷),기타
1395,전통시장,인정시장,4,3,함덕오일시장,2,농산물,수산물,의류,가공식품,
1396,전통시장,인정시장,4,4,세종대평시장,2,소곱창,칼국수,닭갈비,김치찌개,
1397,전통시장,인정시장,4,4,부강전통시장,2,음식점,,,,
1398,전통시장,인정시장,3,1,세종전통시장,2,의류,농산물,잡화,,
1399,전통시장,인정시장,4,4,전의왕의물시장,2,음식업,의류,농산물,축산물,
1400,상점가,상점가,3,1,강남개포시장,2,과일류,수산물,음식점,떡류,농산물
1401,상점가,상점가,2,4,은마 종합상점가,2,떡,의류,학언,병원,전
1402,지하도상점가,상점가,3,4,강남역지하도상점가,2,의류,악세사리,음식,,
1403,상점가,상점가,3,2,로데오거리상점가,2,농산물,가공식품,,,
1404,상점가,상점가,4,2,장신구거리상점가,1,주얼리부품,,,,
1405,상점가,상점가,4,1,송화벽화시장,2,반찬,야채,과일,정육,생선
1406,상점가,상점가,3,4,삼성동시장,2,야채,쌀,과일,수산,축산
1407,상점가,상점가,3,2,서원동상점가,2,음식점,의류/숙녀화,핸드폰,근린생활서비스,
1408,상점가,상점가,3,1,대명여울빛거리시장,2,음식,의류,수산,정육,가공품
1409,상점가,상점가,3,4,독산동우시장,1,부산물,정육,,,
1410,상점가,상점가,3,1,독산동맛나는거리상점가,2,음식점,주류,,,
1411,상점가,상점가,3,4,사당1동 먹자골목 상점가,2,치맥,전집,포차,족발,
1412,상점가,상점가,3,4,도화동상점가,2,음식,카페,잡화,문구,노래방
1413,상점가,상점가,3,4,상암동상점가,2,카페,음식,,,
1414,상점가,상점가,3,1,용강동상점가,2,음식(고기),부동산,커피숍,중국집,
1415,상점가,상점가,3,3,홍대걷고싶은거리상점가,2,음식(고기),패션/주얼리,횟집,커피전문점,기타
1416,상점가,상점가,3,2,뚝섬역상점가,2,음식점,카페,미용실,부동산,
1417,상점가,상점가,3,2,왕십리도선동상점가,1,음식점,주점,,,
1418,상점가,상점가,3,1,한양대앞상점가,1,닭갈비집,퓨전일식,만화카페,냉면집,
1419,상점가,상점가,3,1,행당시장,2,방앗간,손두부,반찬가게,,
1420,상점가,상점가,3,2,무학봉상점가,2,야채,과일,생선,,
1421,상점가,상점가,3,2,문정동로데오상점가,1,의류,신발,가방,기타,
1422,상점가,상점가,4,4,남서울상가,2,완구,문구,의류,수입잡화,일반잡화
1423,상점가,상점가,4,4,로타리상가,1,의류,주류,옷수선,,
1424,상점가,상점가,3,4,영등포시장기계공구상가,1,기계공구,모타,주방기구,전기/산업자재,유압
1425,상점가,상점가,3,2,영등포전통시장,2,농산물,가공식품,,,
1426,상점가,상점가,4,2,영등포제일상가,1,침구,의류,음식점,,
1427,상점가,상점가,4,2,우리시장,2,야채,가공식품,,,
1428,상점가,상점가,3,2,영등포청과시장,1,청과,식자재,,,
1429,상점가,상점가,3,4,연신내상점가,2,종합시장,음식,의류,미용실,부동산
1430,상점가,상점가,3,2,동대문문구완구거리,1,장난감(완구),팬시,관상어(수족관),체육용품,
1431,상점가,상점가,3,4,세운상가가동,1,전자제품,전자부품,CCTV,음향기기,수리
1432,상점가,상점가,3,2,세종마을음식문화거리,1,음식점,퓨전주점,소매점,,
1433,상점가,상점가,2,1,종로광장전통시장,2,주단/한복,수입구제,정육/수산물,숙녀의류,직물류
1434,상점가,상점가,4,1,창신골목시장,2,채소,정육,족발,곱창,반찬
1435,상점가,상점가,3,4,동묘시장,2,의류,골동품,서적,,
1436,상점가,상점가,1,2,방산시장,2,인쇄관련,"포장재,박스제조",에폭시 고주파,"종이,의류부자재","벽지,바닥재"
1437,상점가,상점가,4,4,인현시장,2,한식(백반집),신발,생선,축산(정육),식료품
1438,상점가,상점가,3,2,청계천공구상가,1,공구,안전용품,전기용품,,
1439,상점가,상점가,3,2,부산좌천동가구상가,1,침대,옷장,책상,의자,
1440,상점가,상점가,4,4,구포역세권상점가,2,식당,편의점,금은방,,
1441,상점가,상점가,3,4,연산 골목시장 상점가,2,농산물,축산물,수산물,,
1442,상점가,상점가,4,4,연산1동골목상점가,2,횟집,농산물,과일,반찬,
1443,상점가,상점가,4,1,연일골목시장상점가,2,농산물,횟집,식육점,반찬가게,
1444,상점가,상점가,4,3,성서아울렛상점가(가로형),2,의류,신발,,,
1445,상점가,상점가,4,4,신내당시장상점가,2,족발,만두,반찬,소고기,찜닭
1446,상점가,상점가,3,4,두류젊음의광장,2,막창,삼겹살,육회,산오징어,족발
1447,상점가,상점가,4,2,남산동 자동차 골목 상점가,1,자동차수리,자동차용품,썬팅,자동차부품,
1448,상점가,상점가,3,1,대구패션쥬얼리특구,1,반지,시계,커피,목걸이,팔찌
1449,상점가,상점가,3,2,동성로상점가,2,의류,악세사리,음식점,신발,
1450,전통시장,인정시장,3,4,서문시장 아진상가 상점가,2,의류 부자재,악세사리 부자재,의류/신발,수선,
1451,상점가,상점가,3,4,교동시장1길 상점가,2,가전,음향기기,컴퓨터,,
1452,전통시장,인정시장,2,2,남동산업용품상가,2,"볼트,너트",베어링연마,"호스,닛블","비닐,공구",기타산업용품
1453,상점가,상점가,3,2,테마의거리상점가,1,일반음식점,도.소매업,판매업,,
1454,상점가,상점가,4,2,개항누리길상점가,2,패션가,음식점,,,
1455,상점가,상점가,3,2,전자의거리,2,음향기기,가전제품,전자부품,,
1456,상점가,상점가,3,2,조대 장미의 거리,2,음식,공산품,,,
1457,상점가,상점가,1,2,충장로상점가,1,혼수거리,귀금속,안경,잡화,
1458,상점가,상점가,3,1,건축자재의거리,1,합판/목재,창호/문집,배관/단열/지붕,전기용품/철물/앵글,인테리어/전기/조명/도배/필림
1459,상점가,상점가,3,2,공구의거리,1,산업용재,농기구,축산기구,,
1460,상점가,상점가,3,1,자동차의거리,1,자동차부품,용품,페인트,밧데리,
1461,상점가,상점가,4,4,패션의거리,1,남성정장,여성의류,골프웨어,스포츠,한복대여
1462,상점가,상점가,4,4,오리요리의거리,1,오리탕,,,,
1463,상점가,상점가,3,4,송촌동 상점가,2,요식업,그린,,,
1464,상점가,상점가,3,4,오정동상점가,2,공구,축산물,농산물,,
1465,상점가,상점가,3,2,역전시장,2,1차식품,야채,축산,과일,건어물
1466,상점가,상점가,4,2,홍도동상점가,2,잡화,의류,슈퍼,음식점,미용 기타
1467,상점가,상점가,4,4,가수원상점가,2,일반음식점,정육,,,
1468,상점가,상점가,2,2,둔산3동상점가,2,악기,꽃집,음식점,문구,한복
1469,상점가,상점가,3,2,문화예술의거리대흥동상점가,2,음식점,카페,미장원,편의시설,
1470,상점가,상점가,4,3,오류동특화거리상점가,2,음식점,사진관,술집,보쌈,노래방
1471,상점가,상점가,2,2,은행동상점가상인회(명칭변경),2,식음료,"의류,패션",Acc,,
1472,상점가,상점가,4,4,중촌동맞춤거리상점가,2,직물,퀄트,옷제작,음식점,
1473,상점가,상점가,3,1,충무자동차거리상점가,1,자동차시트,자동차썬팅,네비게이션,자동차부품,자동차광택
1474,상점가,상점가,4,2,삼산웨딩거리상점가,1,웨딩샵,귀금속,여행사,,
1475,상점가,상점가,4,4,동울산시장상점가,2,의류,채소,떡집,축산물,
1476,상점가,상점가,4,4,전하시장상점가,2,제수생선,식당가,떡류,,
1477,전통시장,인정시장,3,4,언양알프스시장,2,농산물,수산물,음식점,의류,
1478,상점가,상점가,4,2,보세거리,1,의류거리,,,,
1479,상점가,상점가,3,2,젊음의거리,2,의류,화장품,잡화,디저트카페,식당
1480,상점가,상점가,3,4,중앙길(문화의거리)상가,1,카페,녹공예술품,식당,주류,의류
1481,상점가,상점가,4,2,태화십리대밭먹거리단지,2,식당,카페,,,
1482,상점가,상점가,4,4,학성가구거리,1,식탁,소파,자녀방가구,안방가구,사무가구
1483,상점가,상점가,4,2,설악리 신천리 상점가,2,의류,농산물,축산,부동산,잡화
1484,상점가,상점가,4,4,삼송상점가,2,한식,중식,종묘사,부동산,노래방
1485,상점가,상점가,4,4,덕이동로데오메인타운,1,골프웨어,골프용품,신사복,수선집,아웃도어
1486,상점가,상점가,4,4,일산서문상점가,2,식당,수산물,야채,육류업체,미용실
1487,상점가,상점가,1,2,산본로데오거리상점가,2,음식,피부미용,의류,커피,서비스
1488,상점가,상점가,3,4,신중동문화거리,2,음식점,술,오락실,,
1489,상점가,상점가,4,2,권선가구거리상점가,1,장롱,침대,소파,식탁,책상
1490,상점가,상점가,3,2,매산로테마거리상점가,2,제과,찜닭,돼지갈비찜,,
1491,상점가,상점가,3,4,신천동 문화의거리 ,2,음식업,부동산,금은방,농산물,의류
1492,상점가,상점가,2,4,선부광장로,2,음식업,의류,유흥업소,가정용품,카페
1493,상점가,상점가,3,4,예술광장로 상점가,1,음식점,의류,근린생활시설,기타,
1494,상점가,상점가,3,4,도리섬상점가,2,음식업,의류,혼수용품,유흥(노래방),부동산
1495,상점가,상점가,3,4,한대앞역상점가,2,갈비/냉면,족발,횟집,전집,곱창
1496,상점가,상점가,2,2,안양1번가,2,핸드폰,화장품,패스트푸드,주점,음식
1497,상점가,상점가,1,2,평촌1번가,2,농산물,가공식품,,,
1498,상점가,상점가,2,2,평촌역상가,2,응답 없음,,,,
1499,상점가,상점가,4,2,먹자골음식문화의거리(창동먹자골상점가),1,음식점,,,,
1500,전통시장,인정시장,3,2,여주한글시장(여주중앙로상점가),1,의류,화장품,신발,속옷,악세사리
1501,상점가,상점가,3,2,녹색거리상점가,2,의류,횟집,신발,음식점,
1502,상점가,상점가,4,2,운정가구타운 상점가,1,가구,부동산,음식점,편의점,
1503,상점가,상점가,4,2,고모3리상점가,2,음식점,커피숍,편의점,,
1504,상점가,상점가,4,1,하남시동석바대시장상점가,2,음식점,옷소매,,,
1505,상점가,상점가,4,1,하남시서석바대시장상점가,2,음식점,옷소매,,,
1506,상점가,상점가,4,4,능동상가,2,음식점,약국,학원,마트,의류
1507,상점가,상점가,4,2,동탄상가,2,음식점,가정용품,기타소매업,근린생활서비스,
1508,상점가,상점가,1,1,병점중심상가,2,식당,학원,사무실,노래방,의원
1509,상점가,상점가,3,4,반월제일현대상가,2,음식점,제과점,의류,휴대폰,떡집
1510,상점가,상점가,2,2,설악로데오거리상점가,2,의류,휴대폰,신발,,
1511,상점가,상점가,4,4,요선시장,2,음식점(식당),,,,
1512,상점가,상점가,3,2,인공폭포상가,1,의류,잡화,학원,식당,병원
1513,전통시장,인정시장,4,2,부강상가시장,2,카페,음식점,미용실,,
1514,상점가,상점가,1,2,청주성안길상점가,2,의류,음식,카페,화장품,잡화
1515,상점가,상점가,4,1,금암동상점가,1,음식,의류,근린,학원,소매
1516,상점가,상점가,3,2,엄사상점가,2,농산물,식당가,식자재,,
1517,상점가,상점가,4,2,금산중앙로상점가,2,의류,잡화,약국,,
1518,상점가,상점가,3,2,당진원시가지상가가활성구역,2,의류,음식점,,,
1519,상점가,상점가,4,2,합덕중앙상점가,2,마늘,,,,
1520,상점가,상점가,3,2,명동대흥로상점가,2,의류,식당,마트,,
1521,상점가,상점가,3,2,천안신부문화거리상점가,2,음식,의류,화장품,,
1522,상점가,상점가,3,2,명동상점가,2,의류,병의원,잡화소매,식당,유흥점
1523,상점가,상점가,4,2,삼례상점가,2,야채,생선,의류,잡화,
1524,상점가,상점가,4,1,원광온누리상점가,2,농산물,가공식품,,,
1525,상점가,상점가,3,2,오수상점가,2,음식점,의류,가공,농산물,가정용품
1526,상점가,상점가,3,2,전북대대학로상점가,2,일반음식점,휴게음식점,의류업,주류판매업,복사
1527,상점가,상점가,3,2,전주동문상점가,2,농산물,가공식품,,,
1528,상점가,상점가,4,2,전주전자상가(전주기린로전자상가),1,농산물,가공식품,,,
1529,상점가,상점가,3,2,전주풍남문상점가,2,농산물,가공식품,,,
1530,상점가,상점가,4,2,새암로상점가,1,의류,신발,,,
1531,상점가,상점가,4,2,정읍산외한우마을,1,축산물,음식점,,,
1532,상점가,상점가,3,2,중앙로상점가,1,의류,신발,,,
1533,상점가,상점가,4,2,금빛상점가,1,의류,음식점,미용실,신발,
1534,상점가,상점가,4,2,남내상점가 (구 나주상가),1,음식점,미용실,옷수선,철물,
1535,상점가,상점가,4,2,순천문화의거리 금꽃예술촌상인회,2,공예품,식음료,,,
1536,상점가,상점가,4,4,순천대1번가상가,2,식당,커피셥,술집,요식업(프랜차이즈),
1537,상점가,상점가,3,4,여수진남상가,2,의류,카페,금은방,,
1538,상점가,상점가,4,2,경산시중앙상점가,2,농산물,수산물,의류,음식점,
1539,상점가,상점가,4,2,충효상점가,2,과일즙,반찬,김밥,미장원,돼지찌개
1540,상점가,상점가,4,2,황성상점가,2,회센타,반찬,두부,옷수선,소고기
1541,상점가,상점가,4,1,부곡맛고을상가,2,음식점,편의점,,,
1542,상점가,상점가,4,2,안동남서상점가,2,의류,가정용품,,,
1543,상점가,상점가,3,4,안동중앙문화의거리상점가,2,의류,음식점업,화장품,미용실,
1544,상점가,상점가,4,1,풍기인삼홍삼상점가,1,수삼,홍삼,홍삼관련제품,,
1545,상점가,상점가,1,4,김해중앙상가,2,의류,채소,식당,미용실,
1546,상점가,상점가,3,4,로데오거리상점가,2,의류,잡화,가정용품,핸드폰,
1547,상점가,상점가,3,4,진주중앙상점가,2,의류,잡화,기타 소매업,,
1548,상점가,상점가,3,4,진주청과상점가,1,과일,축산물,농산물,,
1549,상점가,상점가,3,4,수남상가,2,의류,신발,,,
1550,상점가,상점가,3,4,오동동상점가,2,아구찜,복어요리,일반음식,주류,
1551,상점가,상점가,3,1,창동통합상가,2,의류,속옷,음식점,안경점,
1552,상점가,상점가,4,4,정우상가,2,의원,약국,휴대폰,의류,주얼리
1553,상점가,상점가,3,2,지귀상가,2,식당,약초,,,
1554,상점가,상점가,3,1,충무데파트,2,의류,생활용품,,,
1555,상점가,상점가,3,2,이중섭거리 명동로상가,2,식당,소품,,,
1556,상점가,상점가,3,4,중정로상가,2,의류/신발,속옷,백,악세사리,음식점
1557,지하도상점가,상점가,2,3,㈜고투몰 상인회,2,농산물,가공식품,,,
1558,지하도상점가,상점가,3,1,영등포로타리지하상가,2,여성의류,남성의류,신발,주얼리,잡화
1559,지하도상점가,상점가,4,4,영등포시장지하도상점가,2,의류,신발,,,
1560,지하도상점가,상점가,4,4,영등포역지하도상가,2,의류,잡화,,,
1561,지하도상점가,인정시장,4,1,동대문지하쇼핑센터,1,한복,이불,,,
1562,지하도상점가,인정시장,4,1,마전교지하쇼핑센터,2,매듭,신발,도자기,털실,
1563,지하도상점가,인정시장,4,4,종각지하쇼핑센터,1,의류,신발,,,
1564,지하도상점가,인정시장,3,2,종로4가지하쇼핑센터,1,귀금속,시계,한복,양복,가방
1565,지하도상점가,인정시장,4,4,종오지하쇼핑센터,2,한복,의류,잡화,장신구/악세사리,건강식품
1566,지하도상점가,상점가,4,1,남대문로지하상가,2,공예부자재,안경,잡화,,
1567,지하도상점가,인정시장,4,1,명동역지하쇼핑센터,2,안경,의류,악세사리,,
1568,지하도상점가,인정시장,3,2,소공지하도상가,2,의류,안경,소품,악사세리,가방
1569,지하도상점가,인정시장,4,1,시청광장지하도상가,2,식당,의류,음료수,,
1570,지하도상점가,인정시장,4,2,청계5가지하쇼핑센터,2,의류,털실,인형,,
1571,지하도상점가,인정시장,4,1,청계6가지하쇼핑센타,2,의류,신발,가방,,
1572,지하도상점가,인정시장,4,4,부산역지하도상가,2,옷,,,,
1573,지하도상점가,인정시장,3,4,서면지하도상가 서면몰,2,의류,악세사리,화장품,,
1574,지하도상점가,인정시장,3,4,서면지하상가 부전몰,2,의류,악세사리,가방,가발,
1575,지하도상점가,인정시장,3,1,덕천지하상가(태아쇼핑),2,의류,휴대폰,신발,,
1576,지하도상점가,인정시장,3,1,광복지하도상가,2,의류,핸드폰,도자기,,
1577,지하도상점가,상점가,4,4,국제지하도상가,2,커튼,미술품,공예품,,
1578,지하도상점가,인정시장,3,1,남포지하도상가,2,의류,가방,아동복,신발,남성정장
1579,지하도상점가,인정시장,3,1,두류1번가,2,여성의류,신발,악세사리,화장품,네일샵
1580,지하도상점가,인정시장,3,4,대신지하상가,2,의류,신발,가정용품,,
1581,지하도상점가,인정시장,3,1,대현프리몰,2,의류,신발,악세사리,기타 소매,
1582,지하도상점가,인정시장,3,3,메트로센터(반월당지하쇼핑),2,화장품,의류,잡화,약국,사진관
1583,지하도상점가,인정시장,3,1,메트로프라자,2,옷,음식,미용관련,조화,pc
1584,지하도상점가,인정시장,3,4,석바위지하도상가,1,숙녀의류,남성의류,신발,속옷,사주
1585,지하도상점가,상점가,3,1,주안시민지하상가,1,의류,악세사리,신발,핸드폰,잡화
1586,지하도상점가,인정시장,3,2,주안역지하상가,2,의류,신발,악세사리,네일아트,가방
1587,지하도상점가,상점가,4,4,배다리전통공예지하상가,1,공예상가,,,,
1588,지하도상점가,인정시장,3,3,부평대아지하상가,1,의류,잡화,신발,,
1589,지하도상점가,인정시장,3,3,부평역지하상가,2,의류,악세사리,슈즈,화장품,잡화
1590,지하도상점가,인정시장,3,3,부평중앙지하상가,1,의류,잡화,신발,네일아트,수선
1591,지하도상점가,인정시장,4,3,신부평지하상가,2,의류,신발,수선,핸드폰,
1592,지하도상점가,상점가,3,1,새동인천지하상가,2,의류,신발,장신구,휴대폰,
1593,지하도상점가,상점가,3,1,새인현지하상가,2,의류,잡화,사진,,
1594,지하도상점가,상점가,3,1,신포지하상가,2,의류,재화,피혁,잡화,휴대폰
1595,지하도상점가,상점가,4,1,중앙로지하상가,2,의류,화장품,핸드폰,,
1596,지하도상점가,상점가,3,4,금남로지하상가,2,의류,신발,악세사리,잡화,베이커리
1597,지하도상점가,상점가,3,1,충금지하상가,2,의류,,,,
1598,지하도상점가,상점가,3,4,금남지하도상가,2,의류,악세사리,통신,음식,기타
1599,지하도상점가,상점가,3,1,역전지하상가,2,여성의류,통신기기,귀금속,신발,잡화
1600,지하도상점가,상점가,2,1,중앙로지하상가,2,의류,음식점,타로,,
1601,지하도상점가,상점가,3,4,부천역지하도상가,2,의류,신발,가정용품,,
1602,지하도상점가,인정시장,3,3,성남중앙지하시장,2,의류,신발,핸드폰,,
1603,지하도상점가,인정시장,4,2,역전지하도상가,2,이동통신,의류,휴게음식,꽃,잡화
1604,지하도상점가,인정시장,3,2,안양1번가지하쇼핑몰,1,의류,잡화,가방,신발,
1605,지하도상점가,인정시장,3,4,안양중앙지하상가,2,의류,잡화,핸드폰,,
1606,지하도상점가,상점가,3,1,의정부역지하상가,2,휴대폰,의류,신발,악세사리,식당가
1607,상점가,상점가,3,2,원주 중앙로문화의거리,2,의류,미용,화장품,한식당,잡화
1608,지하도상점가,상점가,3,4,춘천지하상가,2,의류,신발,악세사리,가방,잡화
1609,지하도상점가,상점가,3,1,천안역지하상가,2,의류,근린생활,잡화,,
1610,지하도상점가,상점가,4,4,순천씨내몰상가,2,보세의류,잡화,생활잡화,네일샵,공방
1611,지하도상점가,상점가,4,3,진주중앙지하도상가 에나몰,2,여성의류,휴대폰,주얼리(금방),,
1612,지하도상점가,인정시장,3,1,대현프리몰,2,의류,제화,악세사리,잡화,
1613,지하도상점가,상점가,4,4,부림지하시장,2,의류,악세사리,,,
1614,지하도상점가,인정시장,3,3,제주중앙지하상가,2,의류,화장품,신발,음식,가방
1615,전통시장,인정시장,3,2,청평여울시장,2,요식업,농축산물,편의점/마트,건재,유흥업소
1616,전통시장,인정시장,4,4,모란전통기름시장,1,참기름,들기름,고춧가루,곡물,
1617,전통시장,인정시장,4,4,중부농수산물시장,1,농산물(야채),,,,
1618,상점가,상점가,4,2,엄상동마을상점가,2,고기류,치킨,횟집,포장마차,커피숍
1619,전통시장,미인정시장,4,3,율촌시장,2,두부,과일,이불,의류,
1620,상점가,상점가,2,2,이천중앙로상가번영회 이천상인회,2,의류,식당,잡화,화장품,
1621,상점가,상점가,3,2,SK하이닉스(주)상점가,1,음식점,,,,
1622,상점가,상점가,3,2,남천 상점가,2,음식점,쌀집,떡집,노래방,
1623,상점가,상점가,4,2,송정동 상점가,2,음식,부동산,학원,문구,
1624,상점가,상점가,3,2,예스파크 상점가,1,도자기 외 공예품,,,,
1625,상점가,상점가,3,4,대봉동웨딩거리상점가,1,양복,웨딩드레스,한복,시계,사진관
1626,상점가,상점가,4,4,부산대상점가,2,의류,악세사리,,,
1627,전통시장,인정시장,4,4,철뚝시장,2,야채,생선,과일,건어물,
1628,전통시장,인정시장,3,4,답십리건축자재시장,1,건축자재,,,,
1629,전통시장,미인정시장,4,2,장곡시장,2,정육점,야채,,,
1630,지하도상점가,상점가,3,4,잠실역지하쇼핑센터,2,의류,잡화,화장품,악세사리,꽃
1631,전통시장,인정시장,4,2,신곡종합시장,2,축산물,반찬,마트,음식점,
1632,전통시장,인정시장,4,4,신정제일시장,2,농수산물,과일,의류,,
1633,상점가,상점가,3,1,응암오거리상점가,1,일반음식점,,,,
1634,전통시장,미인정시장,4,4,증산골목시장,1,야채,식당,반찬,,
1635,상점가,상점가,4,4,동원전통시장상점가,2,식육,생선,떡,야채과일,음식
1636,지하도상점가,상점가,3,4,동인천지하아케이트,2,통신기기,의류,피혁,문구류,화장품
1637,상점가,상점가,3,4,강진중앙로상가,2,의류,잡화,음식점,,
1638,상점가,상점가,4,2,나주혁신도시상가번영회,2,영화관,음식,,,
1639,상점가,상점가,3,4,누웨마루거리상점가,2,옷,화장품,식당,,
1640,상점가,상점가,4,4,한림중앙상가,2,의류,식당,그릇,미용,수산물
1641,전통시장,인정시장,3,2,대천항종합수산물시장,1,수산물(활어),건어물,마른생선,식당가,기타
1642,전통시장,인정시장,4,4,부여 새시장,2,의류,축산,약국,가공,
1643,전통시장,미인정시장,3,4,광천원동시장,2,농산품,의류,일반응식점,생필품,공산품
1644,상점가,상점가,2,4,사리골 상점가,2,식당(육류),커피솥,식당(참치),옷가게,반찬가게
1645,전통시장,인정시장,3,4,안산패션타운전통시장,1,의류,신발,,,
1646,전통시장,인정시장,3,1,안산 다농마트 전통시장,2,신변잡화,의류,"스포츠,문화생활용품",가구점,
1647,상점가,상점가,3,4,산호동상점가,2,음식점,,,,
1648,전통시장,인정시장,4,3,풍기선비골인삼시장,1,인삼,홍삼,꿀,홍삼제품,인삼제품
1649,상점가,상점가,3,4,천호공구거리상점가,1,산업용재,공구,,,
1650,전통시장,인정시장,4,4,고척골목시장상점가,2,수산물,정육,과일,야채,
1651,상점가,상점가,3,1,상계역전종합상가,2,의류,신발,커텐,슈퍼,피부.네일
1652,상점가,상점가,4,4,상계주공1단지(가)상가,2,음식점,학원,사무실,마트,
1653,상점가,상점가,4,4,시영2단지 무지개종합상가,2,문석,학원,미장원,마트,
1654,상점가,상점가,4,4,시영B상가,2,식당,마트,부동산,미용실,병원
1655,상점가,상점가,3,4,쌍문역둘리상점가상인회,2,음식점,금은방,컴퓨터,야채,
1656,상점가,상점가,4,3,백학시장 상점가,2,잡화,음식점,정육점,야채,
1657,전통시장,인정시장,3,1,청계상가,1,조명,오락기,노래방,고무박킹,
1658,전통시장,인정시장,4,4,장미제일시장,2,피자나라,정육,수산,잡화,
1659,상점가,상점가,3,4,북성로 상점가,1,공구,베아링,건축자재,전기재료,볼트매트(안전용품)
1660,상점가,상점가,4,2,차이나타운로상점가,2,중화요리식당가,잡화,,,
1661,상점가,상점가,3,4,과천상점가,2,음식,악세사리,의류,주류,서비스
1662,전통시장,인정시장,4,4,오이도전통수산시장,1,활어회,어패류,갑각류,젓갈류,건어물등
1663,전통시장,인정시장,4,3,양동쌍학시장,2,농산물,생활용품,먹거리,,
1664,상점가,상점가,3,4,명동상점가,1,의류신발,닭갈비,문구용품,,
1665,상점가,상점가,4,4,화동길 상점가,2,농산물,가공식품,,,
1666,상점가,상점가,3,2,고산구시장상점가,2,야채,건강원,정육,,
1667,상점가,상점가,3,1,평화로상가,2,의류,귀금속,스포츠(신발),병원,서비스업
1668,전통시장,인정시장,4,4,청림시장,2,보신원,중국집,식당,통닭,음식점
1669,전통시장,인정시장,4,4,환호그린빌시장,2,화장품,식당,반찬가게,중국집,
1670,전통시장,미인정시장,4,3,광장시장 (대도오광장종합회시장),2,분식,마사지,설비,환경,창고/사무실
1671,전통시장,인정시장,4,2,삼천포전통수산시장,1,활어,선어,건어물,패류,농산물
1672,전통시장,인정시장,4,4,석계시장,2,야채,생선,반찬,과일,
1673,상점가,상점가,4,2,도곡시장,2,농산물,수산물,건어물,축산,공산품
1674,상점가,상점가,4,4,심곡복개천 상점가,2,음식,소매업,카센타,"전기,철물",
1675,상점가,상점가,4,4,원미금강 상점가,2,식당,옷,야채,미장원,
1676,상점가,상점가,4,2,여주세종시장상점가,2,두부,떡,잡화,정육,식당
1677,상점가,상점가,4,2,오학동상점가 ,2,음식점,부동산,노래방,제과점,커피점
1678,상점가,상점가,4,2,점봉동상점가,2,음식점,커피점,부동산,당구장,노래방
1679,상점가,상점가,3,2,가남상점가,2,요식업,,,,
1680,전통시장,인정시장,4,2,제천고추시장,1,고추,잡곡,농산물 등,,
1681,상점가,상점가,4,3,강천상가,2,농산물,가공식품,,,
1682,상점가,상점가,3,4,연지상가번영회,2,숙박,미용실,세탁소,,
1683,상점가,상점가,4,2,부영3차상가번영회,2,농산물,수산물,반찬가게,정육점,마트
1684,상점가,상점가,4,2,연향2지구상가번영회,2,식당,카페,미용,세탁소,숙박시설
1685,상점가,상점가,4,2,우석로상가번영회,2,천막,,,,
1686,상점가,상점가,3,2,장천동상가번영회,2,한복,귀금속,제과점,,
1687,전통시장,인정시장,4,2,부곡시장,2,야식,떡,마트,수선집,미용실
1688,전통시장,인정시장,4,2,중앙시장,1,의류,양복점,메리야스,,
1689,전통시장,인정시장,3,4,문화의거리 행복상점가,2,의류,프렌차이즈(음식),미용실,병원(약국),음식점(분식식단)
1690,전통시장,인정시장,3,4,점촌역전상점가,2,식당(음식),의류,귀금속,미용실,편의점
1691,전통시장,인정시장,3,3,남성시장,2,농산물,축산물,의류,미용업,사진관
1692,상점가,상점가,4,2,죽림상점가,2,음식점,꽃집,의류,부동산,안경
1693,전통시장,인정시장,3,1,숭인시장,2,농산물,기타식품,,,
1694,전통시장,미인정시장,4,4,능동로골목시장(미인정),2,농산물,기타식품,,,
1695,전통시장,인정시장,4,4,쌍문시장,2,농산물,기타식품,,,
1696,전통시장,인정시장,2,1,경동시장,1,농산물,약초,(건어물)수산물,,
1697,전통시장,인정시장,4,1,동진시장,2,농산물,기타식품,,,
1698,전통시장,인정시장,4,1,마포시장,2,농산물,가공식품,수산물,,
1699,전통시장,인정시장,4,4,포방터시장,2,농산물,가공식품,수산물,,
1700,전통시장,인정시장,2,1,영등포유통상가,1,폰케이스,전자오락기,노래방기기,,
1701,전통시장,인정시장,1,1,광장시장,2,주단,의류,직물,,
1702,전통시장,인정시장,3,1,에리어식스(벨포스트),1,의류,,,,
1703,전통시장,인정시장,2,1,숭례문수입상가,2,의류,가방,음식점,,
1704,전통시장,인정시장,1,1,청평화시장,1,의류,,,,
1705,전통시장,미인정시장,4,4,대연중앙시장,2,의류,기타식품,,,
1706,전통시장,인정시장,4,4,국민시장,2,농산물,기타식품,,,
1707,전통시장,인정시장,4,1,온천로터리종합시장,2,농산물,기타식품,,,
1708,전통시장,인정시장,4,1,양정전통시장,2,농산물,기타식품,,,
1709,전통시장,인정시장,1,4,정이있는구포시장,2,농산물,기타식품,,,
1710,전통시장,인정시장,4,4,감전제일상가시장,2,농산물,기타식품,,,
1711,전통시장,인정시장,3,1,고려쇼핑센터,2,농산물,기타식품,,,
1712,전통시장,인정시장,4,2,부산광역시철강판매협동조합,1,철물,,,,
1713,전통시장,인정시장,4,4,동방시장,2,농산물,기타식품,,,
1714,전통시장,인정시장,4,4,반송시장,2,농산물,기타식품,,,
1715,전통시장,인정시장,4,4,송현자유시장,2,농산물,기타식품,,,
1716,전통시장,인정시장,4,4,봉선시장,2,농산물,기타식품,,,
1717,전통시장,인정시장,4,2,산수시장,2,농산물,기타식품,,,
1718,전통시장,인정시장,4,4,정원시장,2,먹거리,건어물,,,
1719,전통시장,인정시장,4,4,용두전통시장,2,농산물,잡화,식당가,,
1720,전통시장,인정시장,4,4,유천전통시장,2,농산물,기타식품,,,
1721,전통시장,미인정시장,4,3,광릉5일장,2,농산물,기타식품,,,
1722,전통시장,인정시장,4,4,원미부흥시장,2,농산물,기타식품,,,
1723,전통시장,인정시장,4,4,분당종합시장,2,농산물,기타식품,,,
1724,전통시장,인정시장,4,4,야탑에이스코아시장,2,농산물,기타식품,,,
1725,전통시장,인정시장,3,4,현대프라자시장,2,농산물,기타식품,,,
1726,전통시장,인정시장,4,1,제일시장,2,농산물,기타식품,,,
1727,전통시장,미인정시장,4,3,연천5일장,2,농산물,기타식품,,,
1728,전통시장,미인정시장,4,4,용인5일장,2,농산물,기타식품,,,
1729,전통시장,인정시장,4,4,의정부시장,2,농산물,기타식품,,,
1730,전통시장,인정시장,4,2,봉일천시장,2,농산물,기타식품,,,
1731,전통시장,미인정시장,4,3,송우공설시장,2,농산물,기타식품,,,
1732,전통시장,미인정시장,4,3,일동공설시장,2,농산물,기타식품,,,
1733,전통시장,미인정시장,4,3,근덕5일장,2,농산물,기타식품,,,
1734,전통시장,미인정시장,4,3,도계5일장,2,농산물,기타식품,,,
1735,전통시장,인정시장,4,1,도계전두시장,2,농산물,기타식품,,,
1736,전통시장,인정시장,4,1,도계중앙시장,2,농산물,기타식품,,,
1737,전통시장,미인정시장,4,3,삼척5일장,2,농산물,기타식품,,,
1738,전통시장,미인정시장,4,3,호산5일장,2,농산물,기타식품,,,
1739,전통시장,미인정시장,4,3,호산시장,2,농산물,기타식품,,,
1740,전통시장,인정시장,3,1,영월종합상가시장,2,농산물,기타식품,,,
1741,전통시장,미인정시장,4,4,주천정기시장,2,야채옷 과일 생선,약초 고추,농산물,,
1742,전통시장,미인정시장,4,4,서화5일장,2,농산물,기타식품,,,
1743,전통시장,미인정시장,4,4,신남5일장,2,농산물,기타식품,,,
1744,전통시장,미인정시장,4,4,철암장,2,농산물,기타식품,,,
1745,전통시장,미인정시장,4,4,통리장,2,농산물,기타식품,,,
1746,전통시장,인정시장,4,4,연풍전통시장,2,농산물,기타식품,,,
1747,전통시장,인정시장,4,4,삼승원남시장(원남재래시장),2,농산물,기타식품,,,
1748,전통시장,인정시장,4,4,회인재래시장,2,농산물,기타식품,,,
1749,전통시장,미인정시장,4,4,청산시장(청산재래시장),2,농산물,기타식품,,,
1750,전통시장,인정시장,4,3,엄정내창시장,2,농산물,기타식품,,,
1751,전통시장,인정시장,4,3,광시시장,2,농산물,기타식품,,,
1752,전통시장,인정시장,4,3,삽교시장,2,농산물,기타식품,,,
1753,전통시장,인정시장,4,4,서동시장,2,청과,수산,가공식품,,
1754,전통시장,인정시장,4,3,익산금마시장,2,농산물,기타식품,,,
1755,전통시장,인정시장,4,4,중앙시장,2,의류,이불,야채,,
1756,전통시장,인정시장,3,3,고흥전통시장,2,농산물,기타식품,,,
1757,전통시장,인정시장,3,4,동부시장,2,농산물,기타식품,,,
1758,전통시장,인정시장,3,4,목포종합수산시장,2,수산물,농산물,기타식품,,
1759,전통시장,인정시장,4,3,망운전통시장,2,수산물,농산물,기타식품,,
1760,전통시장,인정시장,4,3,괴목시장,2,수산물,농산물,기타식품,,
1761,전통시장,인정시장,4,3,승주시장,2,농산물,기타식품,,,
1762,전통시장,인정시장,4,1,중앙시장,2,농산물,기타식품,,,
1763,전통시장,인정시장,4,3,덕양시장,2,수산물,농산물,,,
1764,전통시장,인정시장,4,4,중앙선어시장,1,수산,,,,
1765,전통시장,인정시장,4,3,노화읍5일시장,2,수산물,농산물,,,
1766,전통시장,인정시장,4,3,나산시장,2,수산물,농산물,,,
1767,전통시장,인정시장,3,1,고성시장,2,농산물,기타식품,,,
1768,전통시장,인정시장,4,3,영오시장,2,농산물,기타식품,,,
1769,전통시장,인정시장,4,4,구암현대시장,2,농산물,기타식품,,,
1770,전통시장,인정시장,4,4,덕산그린피아상가,2,음식점,기타식품,,,
1771,전통시장,인정시장,4,3,마천시장,2,농산물,기타식품,,,
1772,전통시장,인정시장,4,3,북동공설시장,1,농산물,기타식품,,,
1773,전통시장,인정시장,4,4,화개장터,2,농산물,기타식품,,,
1774,전통시장,인정시장,4,4,모슬포중앙시장,2,농산물,기타식품,,,
1775,상점가,상점가,4,2,충신시장,2,식당,도소매(원단가게),택배회사,,
1776,상점가,상점가,4,4,반송1번가,2,농산물,기타식품,,,
1777,상점가,상점가,4,4,나무전거리,2,농산물,기타식품,,,
1778,상점가,상점가,4,4,지산유원지,2,음식점,기타식품,,,
1779,상점가,상점가,3,2,여주375아울렛상점가,1,의류,신발,가방,,
1780,상점가,상점가,3,2,로데오거리상점가,2,음식점,기타식품,,,
1781,상점가,상점가,3,4,북광장상가,2,음식점,기타식품,,,
1782,상점가,상점가,4,1,육림고개 상점가,2,음식점,기타식품,,,
1783,상점가,상점가,4,2,황지시장상점가,2,음식점,기타식품,,,
1784,상점가,상점가,3,3,배방상점가,2,음식점,기타식품,,,
1785,상점가,상점가,3,4,두정동상점가,2,음식점(먹자골목),,,,
1786,상점가,상점가,4,1,그린상점가,2,가공,음식점,가공식품,,
1787,상점가,상점가,2,4,금당상가,2,음식점,기타식품,,,
1788,상점가,상점가,3,4,연향패션상가,2,음식점,기타식품,,,
1789,상점가,상점가,4,4,왕지상가,2,음식점,기타식품,,,
1790,상점가,상점가,3,4,중앙시민로상점가,2,음식점,기타식품,,,
1791,지하도상점가,인정시장,4,1,명동지하쇼핑센터,2,의류,음식점,,,
1792,지하도상점가,상점가,3,1,을지로지하쇼핑센터,2,음식점,기타식품,,,
1793,지하도상점가,상점가,4,1,을지입구지하쇼핑센터,2,음식점,기타식품,,,
1794,지하도상점가,인정시장,3,1,회현지하쇼핑센터,2,의류,음식점,,,
1795,지하도상점가,상점가,4,1,남포역S지하상가,2,의류,음식점,,,
1796,지하도상점가,인정시장,3,2,제물포지하상가,2,의류,신발,기타 소매업,,
1797,상점가,상점가,4,2,금곡홍유릉상점가,2,음식점,,,,
1798,상점가,상점가,3,4,구갈상점가,2,음식점,,,,
1799,전통시장,인정시장,4,1,합정시장,2,농산물,기타식품,,,
1800,전통시장,인정시장,4,3,주암시장,2,농산물,기타식품,,,
1801,상점가,상점가,4,4,신촌 상점가,2,의류,음식점,,,
1802,지하도상점가,상점가,4,1,엔터식스 강남점,2,의류,음식점,,,
1803,상점가,상점가,4,4,중앙동상점가,2,음식점,기타식품,,,
1804,상점가,상점가,4,4,덕소상점가,2,음식점,의류,기타 소매업,,
1805,상점가,상점가,4,4,맷돌모루상점가,2,음식점,의류,기타 소매업,,
1806,상점가,상점가,4,2,강변상점가,2,음식점,의류,,,
1807,상점가,상점가,4,2,중앙로 상점가 ,2,음식점,의류,기타 소매업,,
1808,지하도상점가,상점가,3,4,대일상가(낙원지하상가),2,음식점,기타식품,,,
1809,전통시장,인정시장,3,1,Team204,1,의류,신발,가방,,
1810,상점가,상점가,4,2,터미널상점가,2,음식점,의류,,,
1811,상점가,상점가,3,4,흥국상가,2,음식점,기타 소매업,,,
