"행정구역(서울)(1)",행정구역(서울)(2),행정구역(서울)(3),2020,2020,2020,2020,2020,2020,2020,2020,2020,2020,2020,2020
"행정구역(서울)(1)",행정구역(서울)(2),행정구역(서울)(3),합계,합계,합계,합계,합계,합계,합계,합계,합계,합계,합계,합계
"행정구역(서울)(1)",행정구역(서울)(2),행정구역(서울)(3),소계,소계,소계,등록시장,등록시장,등록시장,인정시장,인정시장,인정시장,상점가,상점가,상점가
"행정구역(서울)(1)",행정구역(서울)(2),행정구역(서울)(3),개소,점포수 (개소),판매면적 (㎡),개소,점포수 (개소),판매면적 (㎡),개소,점포수 (개소),판매면적 (㎡),개소,점포수 (개소),판매면적 (㎡)
"서울특별시",소계,소계,315,54991,2222816,127,26335,732479,120,16327,844310,68,12329,646027
"서울특별시",종로구,소계,21,9874,173190,8,6114,89097,6,566,8942,7,3194,75151
"서울특별시",종로구,사직동,1,108,5280,-,-,-,-,-,-,1,108,5280
"서울특별시",종로구,삼청동,-,-,-,-,-,-,-,-,-,-,-,-
"서울특별시",종로구,부암동,-,-,-,-,-,-,-,-,-,-,-,-
"서울특별시",종로구,평창동,-,-,-,-,-,-,-,-,-,-,-,-
"서울특별시",종로구,무악동,-,-,-,-,-,-,-,-,-,-,-,-
"서울특별시",종로구,교남동,-,-,-,-,-,-,-,-,-,-,-,-
"서울특별시",종로구,가회동,-,-,-,-,-,-,-,-,-,-,-,-
"서울특별시",종로구,종로1.2.3.4가동,5,3306,73261,2,862,17683,1,112,1056,2,2332,54522
"서울특별시",종로구,종로5.6가동,9,5350,74061,4,4936,66875,4,382,5686,1,32,1500
"서울특별시",종로구,이화동,-,-,-,-,-,-,-,-,-,-,-,-
"서울특별시",종로구,창신1동,3,427,11595,1,175,3226,-,-,-,2,252,8369
"서울특별시",종로구,창신2동,-,-,-,-,-,-,-,-,-,-,-,-
"서울특별시",종로구,창신3동,-,-,-,-,-,-,-,-,-,-,-,-
"서울특별시",종로구,숭인1동,-,-,-,-,-,-,-,-,-,-,-,-
"서울특별시",종로구,숭인2동,2,611,6793,1,141,1313,-,-,-,1,470,5480
"서울특별시",종로구,청운효자동,1,72,2200,-,-,-,1,72,2200,-,-,-
"서울특별시",종로구,혜화동,-,-,-,-,-,-,-,-,-,-,-,-
"서울특별시",중구,소계,40,19514,399216,15,13341,214859,18,4310,72300,7,1863,112057
"서울특별시",중구,소공동,2,203,3985,-,-,-,2,203,3985,-,-,-
"서울특별시",중구,회현동,6,5528,84223,3,5051,71661,3,477,12562,-,-,-
"서울특별시",중구,명동,3,197,4717,-,-,-,2,131,3769,1,66,948
"서울특별시",중구,필동,-,-,-,-,-,-,-,-,-,-,-,-
"서울특별시",중구,장충동,-,-,-,-,-,-,-,-,-,-,-,-
"서울특별시",중구,광희동,7,3344,72343,4,2923,61645,2,326,7827,1,95,2871
"서울특별시",중구,을지로동,7,2602,120288,2,901,34713,2,219,4756,3,1482,80819
"서울특별시",중구,신당5동,1,80,3740,-,-,-,-,-,-,1,80,3740
"서울특별시",중구,황학동,4,557,43523,1,209,14330,2,208,5514,1,140,23679
"서울특별시",중구,중림동,-,-,-,-,-,-,-,-,-,-,-,-
"서울특별시",중구,신당동,9,6967,62725,5,4257,32510,4,2710,30215,-,-,-
"서울특별시",중구,다산동,-,-,-,-,-,-,-,-,-,-,-,-
"서울특별시",중구,약수동,1,36,3672,-,-,-,1,36,3672,-,-,-
"서울특별시",중구,청구동,-,-,-,-,-,-,-,-,-,-,-,-
"서울특별시",중구,동화동,-,-,-,-,-,-,-,-,-,-,-,-
"서울특별시",용산구,소계,7,495,29772,3,123,15518,4,372,14254,-,-,-
"서울특별시",용산구,후암동,1,41,1141,-,-,-,1,41,1141,-,-,-
"서울특별시",용산구,용산2가동,1,64,1521,-,-,-,1,64,1521,-,-,-
"서울특별시",용산구,남영동,-,-,-,-,-,-,-,-,-,-,-,-
"서울특별시",용산구,원효로2동,-,-,-,-,-,-,-,-,-,-,-,-
"서울특별시",용산구,효창동,-,-,-,-,-,-,-,-,-,-,-,-
"서울특별시",용산구,용문동,1,160,6470,-,-,-,1,160,6470,-,-,-
"서울특별시",용산구,이촌1동,1,107,5122,-,-,-,1,107,5122,-,-,-
"서울특별시",용산구,이촌2동,-,-,-,-,-,-,-,-,-,-,-,-
"서울특별시",용산구,이태원1동,1,78,4484,1,78,4484,-,-,-,-,-,-
"서울특별시",용산구,이태원2동,-,-,-,-,-,-,-,-,-,-,-,-
"서울특별시",용산구,서빙고동,-,-,-,-,-,-,-,-,-,-,-,-
"서울특별시",용산구,보광동,1,13,3352,1,13,3352,-,-,-,-,-,-
"서울특별시",용산구,청파동,1,32,7682,1,32,7682,-,-,-,-,-,-
"서울특별시",용산구,원효로1동,-,-,-,-,-,-,-,-,-,-,-,-
"서울특별시",용산구,한강로동,-,-,-,-,-,-,-,-,-,-,-,-
"서울특별시",용산구,한남동,-,-,-,-,-,-,-,-,-,-,-,-
"서울특별시",성동구,소계,9,2224,52565,2,272,3989,2,1446,25837,5,506,22739
"서울특별시",성동구,왕십리2동,1,108,4241,-,-,-,-,-,-,1,108,4241
"서울특별시",성동구,마장동,1,1260,16401,-,-,-,1,1260,16401,-,-,-
"서울특별시",성동구,사근동,1,68,6568,-,-,-,-,-,-,1,68,6568
"서울특별시",성동구,행당1동,1,76,4180,-,-,-,-,-,-,1,76,4180
"서울특별시",성동구,행당2동,-,-,-,-,-,-,-,-,-,-,-,-
"서울특별시",성동구,응봉동,-,-,-,-,-,-,-,-,-,-,-,-
"서울특별시",성동구,금호1가동,-,-,-,-,-,-,-,-,-,-,-,-
"서울특별시",성동구,금호4가동,-,-,-,-,-,-,-,-,-,-,-,-
"서울특별시",성동구,성수1가1동,1,67,1888,-,-,-,-,-,-,1,67,1888
"서울특별시",성동구,성수1가2동,-,-,-,-,-,-,-,-,-,-,-,-
"서울특별시",성동구,성수2가1동,1,137,2861,1,137,2861,-,-,-,-,-,-
"서울특별시",성동구,성수2가3동,-,-,-,-,-,-,-,-,-,-,-,-
"서울특별시",성동구,송정동,-,-,-,-,-,-,-,-,-,-,-,-
"서울특별시",성동구,용답동,1,186,9436,-,-,-,1,186,9436,-,-,-
"서울특별시",성동구,왕십리도선동,1,187,5862,-,-,-,-,-,-,1,187,5862
"서울특별시",성동구,금호2.3가동,1,135,1128,1,135,1128,-,-,-,-,-,-
"서울특별시",성동구,옥수동,-,-,-,-,-,-,-,-,-,-,-,-
"서울특별시",광진구,소계,14,712,103038,7,141,30639,7,571,72399,-,-,-
"서울특별시",광진구,화양동,2,104,23497,1,29,12216,1,75,11281,-,-,-
"서울특별시",광진구,군자동,-,-,-,-,-,-,-,-,-,-,-,-
"서울특별시",광진구,중곡1동,3,165,19026,2,30,4342,1,135,14684,-,-,-
"서울특별시",광진구,중곡2동,-,-,-,-,-,-,-,-,-,-,-,-
"서울특별시",광진구,중곡3동,1,45,2102,-,-,-,1,45,2102,-,-,-
"서울특별시",광진구,중곡4동,1,21,1204,1,21,1204,-,-,-,-,-,-
"서울특별시",광진구,능동,-,-,-,-,-,-,-,-,-,-,-,-
"서울특별시",광진구,구의1동,-,-,-,-,-,-,-,-,-,-,-,-
"서울특별시",광진구,구의2동,-,-,-,-,-,-,-,-,-,-,-,-
"서울특별시",광진구,구의3동,-,-,-,-,-,-,-,-,-,-,-,-
"서울특별시",광진구,광장동,-,-,-,-,-,-,-,-,-,-,-,-
"서울특별시",광진구,자양1동,1,135,16400,-,-,-,1,135,16400,-,-,-
"서울특별시",광진구,자양2동,1,7,4716,1,7,4716,-,-,-,-,-,-
"서울특별시",광진구,자양3동,-,-,-,-,-,-,-,-,-,-,-,-
"서울특별시",광진구,자양4동,5,235,36093,2,54,8161,3,181,27932,-,-,-
"서울특별시",동대문,소계,20,2638,186116,8,630,29265,12,2008,156851,-,-,-
"서울특별시",동대문,회기동,1,64,2767,-,-,-,1,64,2767,-,-,-
"서울특별시",동대문,휘경1동,1,60,2178,1,60,2178,-,-,-,-,-,-
"서울특별시",동대문,휘경2동,-,-,-,-,-,-,-,-,-,-,-,-
"서울특별시",동대문,청량리동,1,51,1466,-,-,-,1,51,1466,-,-,-
"서울특별시",동대문,용신동,2,122,3556,1,12,1250,1,110,2306,-,-,-
"서울특별시",동대문,제기동,8,2003,158469,2,414,17354,6,1589,141115,-,-,-
"서울특별시",동대문,전농1동,1,75,4244,1,75,4244,-,-,-,-,-,-
"서울특별시",동대문,전농2동,-,-,-,-,-,-,-,-,-,-,-,-
"서울특별시",동대문,답십리2동,2,111,6268,1,32,1656,1,79,4612,-,-,-
"서울특별시",동대문,장안1동,2,115,4585,-,-,-,2,115,4585,-,-,-
"서울특별시",동대문,장안2동,-,-,-,-,-,-,-,-,-,-,-,-
"서울특별시",동대문,이문1동,1,14,809,1,14,809,-,-,-,-,-,-
"서울특별시",동대문,이문2동,-,-,-,-,-,-,-,-,-,-,-,-
"서울특별시",동대문,답십리1동,1,23,1774,1,23,1774,-,-,-,-,-,-
"서울특별시",중랑구,소계,13,1361,60678,6,527,24603,6,747,30858,1,87,5217
"서울특별시",중랑구,면목2동,-,-,-,-,-,-,-,-,-,-,-,-
"서울특별시",중랑구,면목4동,-,-,-,-,-,-,-,-,-,-,-,-
"서울특별시",중랑구,면목5동,-,-,-,-,-,-,-,-,-,-,-,-
"서울특별시",중랑구,면목7동,2,153,8242,1,34,3977,1,119,4265,-,-,-
"서울특별시",중랑구,상봉1동,-,-,-,-,-,-,-,-,-,-,-,-
"서울특별시",중랑구,상봉2동,2,208,7953,1,78,2754,1,130,5199,-,-,-
"서울특별시",중랑구,중화1동,-,-,-,-,-,-,-,-,-,-,-,-
"서울특별시",중랑구,중화2동,1,46,3286,1,46,3286,-,-,-,-,-,-
"서울특별시",중랑구,묵1동,-,-,-,-,-,-,-,-,-,-,-,-
"서울특별시",중랑구,묵2동,1,56,1952,-,-,-,1,56,1952,-,-,-
"서울특별시",중랑구,망우3동,-,-,-,-,-,-,-,-,-,-,-,-
"서울특별시",중랑구,신내1동,1,72,4137,1,72,4137,-,-,-,-,-,-
"서울특별시",중랑구,신내2동,1,282,8891,1,282,8891,-,-,-,-,-,-
"서울특별시",중랑구,면목본동,3,232,11974,1,15,1558,1,130,5199,1,87,5217
"서울특별시",중랑구,면목3.8동,1,130,5807,-,-,-,1,130,5807,-,-,-
"서울특별시",중랑구,망우본동,1,182,8436,-,-,-,1,182,8436,-,-,-
"서울특별시",성북구,소계,9,545,49639,3,36,11896,6,509,37743,-,-,-
"서울특별시",성북구,돈암1동,-,-,-,-,-,-,-,-,-,-,-,-
"서울특별시",성북구,돈암2동,-,-,-,-,-,-,-,-,-,-,-,-
"서울특별시",성북구,안암동,-,-,-,-,-,-,-,-,-,-,-,-
"서울특별시",성북구,보문동,-,-,-,-,-,-,-,-,-,-,-,-
"서울특별시",성북구,정능1동,-,-,-,-,-,-,-,-,-,-,-,-
"서울특별시",성북구,정능2동,1,54,2049,-,-,-,1,54,2049,-,-,-
"서울특별시",성북구,정능3동,-,-,-,-,-,-,-,-,-,-,-,-
"서울특별시",성북구,정능4동,1,114,9954,-,-,-,1,114,9954,-,-,-
"서울특별시",성북구,길음1동,1,90,6340,-,-,-,1,90,6340,-,-,-
"서울특별시",성북구,길음2동,-,-,-,-,-,-,-,-,-,-,-,-
"서울특별시",성북구,월곡1동,-,-,-,-,-,-,-,-,-,-,-,-
"서울특별시",성북구,월곡2동,-,-,-,-,-,-,-,-,-,-,-,-
"서울특별시",성북구,장위1동,-,-,-,-,-,-,-,-,-,-,-,-
"서울특별시",성북구,장위2동,1,64,3597,-,-,-,1,64,3597,-,-,-
"서울특별시",성북구,장위3동,1,14,1914,1,14,1914,-,-,-,-,-,-
"서울특별시",성북구,성북동,-,-,-,-,-,-,-,-,-,-,-,-
"서울특별시",성북구,삼선동,1,104,8653,-,-,-,1,104,8653,-,-,-
"서울특별시",성북구,동선동,-,-,-,-,-,-,-,-,-,-,-,-
"서울특별시",성북구,종암동,-,-,-,-,-,-,-,-,-,-,-,-
"서울특별시",성북구,석관동,3,105,17132,2,22,9982,1,83,7150,-,-,-
"서울특별시",강북구,소계,12,691,40428,8,327,18262,4,364,22166,-,-,-
"서울특별시",강북구,번1동,1,37,1959,1,37,1959,-,-,-,-,-,-
"서울특별시",강북구,번2동,-,-,-,-,-,-,-,-,-,-,-,-
"서울특별시",강북구,번3동,-,-,-,-,-,-,-,-,-,-,-,-
"서울특별시",강북구,수유1동,4,326,17757,2,130,7239,2,196,10518,-,-,-
"서울특별시",강북구,수유2동,1,11,1061,1,11,1061,-,-,-,-,-,-
"서울특별시",강북구,수유3동,2,107,7133,1,24,2513,1,83,4620,-,-,-
"서울특별시",강북구,삼양동,1,29,2721,1,29,2721,-,-,-,-,-,-
"서울특별시",강북구,미아동,-,-,-,-,-,-,-,-,-,-,-,-
"서울특별시",강북구,송중동,-,-,-,-,-,-,-,-,-,-,-,-
"서울특별시",강북구,송천동,1,72,2748,1,72,2748,-,-,-,-,-,-
"서울특별시",강북구,삼각산동,-,-,-,-,-,-,-,-,-,-,-,-
"서울특별시",강북구,우이동,-,-,-,-,-,-,-,-,-,-,-,-
"서울특별시",강북구,인수동,2,109,7049,1,24,21,1,85,7028,-,-,-
"서울특별시",도봉구,소계,10,785,62630,1,30,2623,5,403,22597,4,352,37410
"서울특별시",도봉구,쌍문1동,1,62,6585,-,-,-,1,62,6585,-,-,-
"서울특별시",도봉구,쌍문2동,-,-,-,-,-,-,-,-,-,-,-,-
"서울특별시",도봉구,쌍문3동,2,215,14042,-,-,-,1,103,7457,1,112,6585
"서울특별시",도봉구,쌍문4동,-,-,-,-,-,-,-,-,-,-,-,-
"서울특별시",도봉구,방학1동,-,-,-,-,-,-,-,-,-,-,-,-
"서울특별시",도봉구,방학2동,1,92,3722,-,-,-,1,92,3722,-,-,-
"서울특별시",도봉구,방학3동,-,-,-,-,-,-,-,-,-,-,-,-
"서울특별시",도봉구,창1동,1,117,14331,-,-,-,-,-,-,1,117,14331
"서울특별시",도봉구,창2동,1,84,3021,-,-,-,1,84,3021,-,-,-
"서울특별시",도봉구,창3동,1,62,1812,-,-,-,1,62,1812,-,-,-
"서울특별시",도봉구,창4동,1,71,8267,-,-,-,-,-,-,1,71,8267
"서울특별시",도봉구,창5동,-,-,-,-,-,-,-,-,-,-,-,-
"서울특별시",도봉구,도봉1동,1,30,2623,1,30,2623,-,-,-,-,-,-
"서울특별시",도봉구,도봉2동,1,52,8227,-,-,-,-,-,-,1,52,8227
"서울특별시",노원구,소계,6,525,44624,-,-,-,2,187,29032,4,338,15592
"서울특별시",노원구,월계1동,-,-,-,-,-,-,-,-,-,-,-,-
"서울특별시",노원구,월계2동,-,-,-,-,-,-,-,-,-,-,-,-
"서울특별시",노원구,월계3동,-,-,-,-,-,-,-,-,-,-,-,-
"서울특별시",노원구,공릉2동,-,-,-,-,-,-,-,-,-,-,-,-
"서울특별시",노원구,하계1동,-,-,-,-,-,-,-,-,-,-,-,-
"서울특별시",노원구,하계2동,-,-,-,-,-,-,-,-,-,-,-,-
"서울특별시",노원구,중계본동,-,-,-,-,-,-,-,-,-,-,-,-
"서울특별시",노원구,중계1동,-,-,-,-,-,-,-,-,-,-,-,-
"서울특별시",노원구,중계4동,-,-,-,-,-,-,-,-,-,-,-,-
"서울특별시",노원구,상계1동,-,-,-,-,-,-,-,-,-,-,-,-
"서울특별시",노원구,상계2동,-,-,-,-,-,-,-,-,-,-,-,-
"서울특별시",노원구,상계5동,2,225,25662,-,-,-,1,72,17861,1,153,7801
"서울특별시",노원구,상계8동,-,-,-,-,-,-,-,-,-,-,-,-
"서울특별시",노원구,상계9동,-,-,-,-,-,-,-,-,-,-,-,-
"서울특별시",노원구,상계10동,-,-,-,-,-,-,-,-,-,-,-,-
"서울특별시",노원구,상계3.4동,-,-,-,-,-,-,-,-,-,-,-,-
"서울특별시",노원구,상계6.7동,1,46,2500,-,-,-,-,-,-,1,46,2500
"서울특별시",노원구,중계2.3동,2,139,5291,-,-,-,-,-,-,2,139,5291
"서울특별시",노원구,공릉1동,1,115,11171,-,-,-,1,115,11171,-,-,-
"서울특별시",은평구,소계,13,1051,45323,8,488,18199,3,282,8130,2,281,18994
"서울특별시",은평구,녹번동,-,-,-,-,-,-,-,-,-,-,-,-
"서울특별시",은평구,불광1동,-,-,-,-,-,-,-,-,-,-,-,-
"서울특별시",은평구,갈현1동,1,190,16394,-,-,-,-,-,-,1,190,16394
"서울특별시",은평구,갈현2동,1,76,4912,1,76,4912,-,-,-,-,-,-
"서울특별시",은평구,구산동,-,-,-,-,-,-,-,-,-,-,-,-
"서울특별시",은평구,대조동,2,199,5693,1,48,2293,1,151,3400,-,-,-
"서울특별시",은평구,응암1동,-,-,-,-,-,-,-,-,-,-,-,-
"서울특별시",은평구,응암2동,2,75,3388,1,22,1688,1,53,1700,-,-,-
"서울특별시",은평구,신사1동,-,-,-,-,-,-,-,-,-,-,-,-
"서울특별시",은평구,신사2동,-,-,-,-,-,-,-,-,-,-,-,-
"서울특별시",은평구,증산동,1,133,2171,1,133,2171,-,-,-,-,-,-
"서울특별시",은평구,수색동,1,-,1074,1,-,1074,-,-,-,-,-,-
"서울특별시",은평구,진관동,-,-,-,-,-,-,-,-,-,-,-,-
"서울특별시",은평구,불광2동,1,108,1594,1,108,1594,-,-,-,-,-,-
"서울특별시",은평구,응암3동,4,270,10097,2,101,4467,1,78,3030,1,91,2600
"서울특별시",은평구,역촌동,-,-,-,-,-,-,-,-,-,-,-,-
"서울특별시",서대문구,소계,13,881,62462,6,394,25128,2,134,9795,5,353,27539
"서울특별시",서대문구,천연동,1,71,2485,-,-,-,1,71,2485,-,-,-
"서울특별시",서대문구,홍제1동,-,-,-,-,-,-,-,-,-,-,-,-
"서울특별시",서대문구,홍제3동,2,183,6795,1,139,4321,-,-,-,1,44,2474
"서울특별시",서대문구,홍제2동,-,-,-,-,-,-,-,-,-,-,-,-
"서울특별시",서대문구,홍은1동,2,164,13916,1,101,6606,1,63,7310,-,-,-
"서울특별시",서대문구,홍은2동,-,-,-,-,-,-,-,-,-,-,-,-
"서울특별시",서대문구,남가좌1동,1,34,1361,1,34,1361,-,-,-,-,-,-
"서울특별시",서대문구,남가좌2동,2,86,9121,2,86,9121,-,-,-,-,-,-
"서울특별시",서대문구,북가좌1동,-,-,-,-,-,-,-,-,-,-,-,-
"서울특별시",서대문구,북가좌2동,-,-,-,-,-,-,-,-,-,-,-,-
"서울특별시",서대문구,충현동,-,-,-,-,-,-,-,-,-,-,-,-
"서울특별시",서대문구,북아현동,1,66,9175,-,-,-,-,-,-,1,66,9175
"서울특별시",서대문구,신촌동,3,243,15890,-,-,-,-,-,-,3,243,15890
"서울특별시",서대문구,연희동,1,34,3719,1,34,3719,-,-,-,-,-,-
"서울특별시",마포구,소계,16,1334,90225,8,349,26713,3,286,8878,5,699,54634
"서울특별시",마포구,용강동,1,150,14283,-,-,-,-,-,-,1,150,14283
"서울특별시",마포구,대흥동,-,-,-,-,-,-,-,-,-,-,-,-
"서울특별시",마포구,염리동,-,-,-,-,-,-,-,-,-,-,-,-
"서울특별시",마포구,신수동,1,2,1092,1,2,1092,-,-,-,-,-,-
"서울특별시",마포구,서교동,4,331,19055,2,67,5837,-,-,-,2,264,13218
"서울특별시",마포구,합정동,1,6,1537,1,6,1537,-,-,-,-,-,-
"서울특별시",마포구,망원1동,1,86,2868,-,-,-,1,86,2868,-,-,-
"서울특별시",마포구,망원2동,1,50,1604,-,-,-,1,50,1604,-,-,-
"서울특별시",마포구,연남동,1,21,492,1,21,492,-,-,-,-,-,-
"서울특별시",마포구,성산1동,-,-,-,-,-,-,-,-,-,-,-,-
"서울특별시",마포구,성산2동,1,132,14367,1,132,14367,-,-,-,-,-,-
"서울특별시",마포구,상암동,1,139,11411,-,-,-,-,-,-,1,139,11411
"서울특별시",마포구,도화동,1,146,15722,-,-,-,-,-,-,1,146,15722
"서울특별시",마포구,서강동,-,-,-,-,-,-,-,-,-,-,-,-
"서울특별시",마포구,공덕동,2,121,3388,2,121,3388,-,-,-,-,-,-
"서울특별시",마포구,아현동,1,150,4406,-,-,-,1,150,4406,-,-,-
"서울특별시",양천구,소계,9,554,25196,3,36,5972,6,518,19224,-,-,-
"서울특별시",양천구,목1동,-,-,-,-,-,-,-,-,-,-,-,-
"서울특별시",양천구,목2동,1,94,1350,-,-,-,1,94,1350,-,-,-
"서울특별시",양천구,목3동,1,105,5106,-,-,-,1,105,5106,-,-,-
"서울특별시",양천구,목4동,1,82,2084,-,-,-,1,82,2084,-,-,-
"서울특별시",양천구,신월1동,1,110,4371,-,-,-,1,110,4371,-,-,-
"서울특별시",양천구,신월2동,1,64,1906,-,-,-,1,64,1906,-,-,-
"서울특별시",양천구,신월3동,-,-,-,-,-,-,-,-,-,-,-,-
"서울특별시",양천구,신월4동,-,-,-,-,-,-,-,-,-,-,-,-
"서울특별시",양천구,신월5동,-,-,-,-,-,-,-,-,-,-,-,-
"서울특별시",양천구,신월6동,1,6,2385,1,6,2385,-,-,-,-,-,-
"서울특별시",양천구,신월7동,1,15,2247,1,15,2247,-,-,-,-,-,-
"서울특별시",양천구,신정1동,1,15,1340,1,15,1340,-,-,-,-,-,-
"서울특별시",양천구,신정2동,1,63,4407,-,-,-,1,63,4407,-,-,-
"서울특별시",양천구,신정3동,-,-,-,-,-,-,-,-,-,-,-,-
"서울특별시",양천구,신정6동,-,-,-,-,-,-,-,-,-,-,-,-
"서울특별시",양천구,신정7동,-,-,-,-,-,-,-,-,-,-,-,-
"서울특별시",양천구,목5동,-,-,-,-,-,-,-,-,-,-,-,-
"서울특별시",양천구,신정4동,-,-,-,-,-,-,-,-,-,-,-,-
"서울특별시",강서구,소계,11,713,59740,5,80,12830,5,529,33452,1,104,13458
"서울특별시",강서구,염창동,-,-,-,-,-,-,-,-,-,-,-,-
"서울특별시",강서구,등촌1동,1,10,2325,1,10,2325,-,-,-,-,-,-
"서울특별시",강서구,등촌2동,-,-,-,-,-,-,-,-,-,-,-,-
"서울특별시",강서구,등촌3동,-,-,-,-,-,-,-,-,-,-,-,-
"서울특별시",강서구,화곡본동,1,50,2836,-,-,-,1,50,2836,-,-,-
"서울특별시",강서구,화곡2동,-,-,-,-,-,-,-,-,-,-,-,-
"서울특별시",강서구,화곡3동,1,30,2739,1,30,2739,-,-,-,-,-,-
"서울특별시",강서구,화곡4동,2,161,7585,1,15,2241,1,146,5344,-,-,-
"서울특별시",강서구,화곡6동,-,-,-,-,-,-,-,-,-,-,-,-
"서울특별시",강서구,화곡8동,1,146,13417,-,-,-,1,146,13417,-,-,-
"서울특별시",강서구,가양1동,-,-,-,-,-,-,-,-,-,-,-,-
"서울특별시",강서구,가양2동,-,-,-,-,-,-,-,-,-,-,-,-
"서울특별시",강서구,가양3동,-,-,-,-,-,-,-,-,-,-,-,-
"서울특별시",강서구,발산1동,1,104,13458,-,-,-,-,-,-,1,104,13458
"서울특별시",강서구,공항동,-,-,-,-,-,-,-,-,-,-,-,-
"서울특별시",강서구,방화1동,1,118,3457,-,-,-,1,118,3457,-,-,-
"서울특별시",강서구,방화2동,1,4,3582,1,4,3582,-,-,-,-,-,-
"서울특별시",강서구,방화3동,-,-,-,-,-,-,-,-,-,-,-,-
"서울특별시",강서구,화곡1동,2,90,10341,1,21,1943,1,69,8398,-,-,-
"서울특별시",강서구,우장산동,-,-,-,-,-,-,-,-,-,-,-,-
"서울특별시",구로구,소계,9,741,36338,5,320,20502,4,421,15836,-,-,-
"서울특별시",구로구,신도림동,-,-,-,-,-,-,-,-,-,-,-,-
"서울특별시",구로구,구로1동,-,-,-,-,-,-,-,-,-,-,-,-
"서울특별시",구로구,구로3동,-,-,-,-,-,-,-,-,-,-,-,-
"서울특별시",구로구,구로4동,1,198,8783,-,-,-,1,198,8783,-,-,-
"서울특별시",구로구,구로5동,-,-,-,-,-,-,-,-,-,-,-,-
"서울특별시",구로구,고척1동,2,81,11390,1,13,8528,1,68,2862,-,-,-
"서울특별시",구로구,고척2동,2,184,4466,1,99,2571,1,85,1895,-,-,-
"서울특별시",구로구,개봉2동,1,23,1360,1,23,1360,-,-,-,-,-,-
"서울특별시",구로구,개봉3동,-,-,-,-,-,-,-,-,-,-,-,-
"서울특별시",구로구,오류1동,1,16,3730,1,16,3730,-,-,-,-,-,-
"서울특별시",구로구,수궁동,-,-,-,-,-,-,-,-,-,-,-,-
"서울특별시",구로구,가리봉동,1,70,2296,-,-,-,1,70,2296,-,-,-
"서울특별시",구로구,구로2동,1,169,4313,1,169,4313,-,-,-,-,-,-
"서울특별시",구로구,개봉1동,-,-,-,-,-,-,-,-,-,-,-,-
"서울특별시",구로구,오류2동,-,-,-,-,-,-,-,-,-,-,-,-
"서울특별시",구로구,항동,-,-,-,-,-,-,-,-,-,-,-,-
"서울특별시",금천구,소계,8,954,83453,2,50,2228,3,384,38879,3,520,42346
"서울특별시",금천구,가산동,-,-,-,-,-,-,-,-,-,-,-,-
"서울특별시",금천구,독산1동,1,170,18600,-,-,-,-,-,-,1,170,18600
"서울특별시",금천구,독산2동,-,-,-,-,-,-,-,-,-,-,-,-
"서울특별시",금천구,독산3동,2,115,13079,1,-,-,1,115,13079,-,-,-
"서울특별시",금천구,독산4동,1,165,7983,-,-,-,-,-,-,1,165,7983
"서울특별시",금천구,시흥1동,3,445,41589,1,50,2228,1,210,23598,1,185,15763
"서울특별시",금천구,시흥2동,-,-,-,-,-,-,-,-,-,-,-,-
"서울특별시",금천구,시흥3동,-,-,-,-,-,-,-,-,-,-,-,-
"서울특별시",금천구,시흥4동,-,-,-,-,-,-,-,-,-,-,-,-
"서울특별시",금천구,시흥5동,1,59,2202,-,-,-,1,59,2202,-,-,-
"서울특별시",영등포구,소계,19,3434,218573,8,1985,117462,1,91,2974,10,1358,98137
"서울특별시",영등포구,여의동,-,-,-,-,-,-,-,-,-,-,-,-
"서울특별시",영등포구,당산1동,2,1607,95375,1,1450,75575,-,-,-,1,157,19800
"서울특별시",영등포구,당산2동,-,-,-,-,-,-,-,-,-,-,-,-
"서울특별시",영등포구,양평1동,-,-,-,-,-,-,-,-,-,-,-,-
"서울특별시",영등포구,양평2동,-,-,-,-,-,-,-,-,-,-,-,-
"서울특별시",영등포구,신길1동,1,117,12968,1,117,12968,-,-,-,-,-,-
"서울특별시",영등포구,신길3동,1,10,1877,1,10,1877,-,-,-,-,-,-
"서울특별시",영등포구,신길4동,-,-,-,-,-,-,-,-,-,-,-,-
"서울특별시",영등포구,신길5동,-,-,-,-,-,-,-,-,-,-,-,-
"서울특별시",영등포구,신길6동,-,-,-,-,-,-,-,-,-,-,-,-
"서울특별시",영등포구,신길7동,-,-,-,-,-,-,-,-,-,-,-,-
"서울특별시",영등포구,대림1동,1,90,2991,-,-,-,-,-,-,1,90,2991
"서울특별시",영등포구,대림2동,1,91,2974,-,-,-,1,91,2974,-,-,-
"서울특별시",영등포구,대림3동,-,-,-,-,-,-,-,-,-,-,-,-
"서울특별시",영등포구,영등포본동,-,-,-,-,-,-,-,-,-,-,-,-
"서울특별시",영등포구,영등포동,11,1308,96335,3,197,20989,-,-,-,8,1111,75346
"서울특별시",영등포구,도림동,1,2,4156,1,2,4156,-,-,-,-,-,-
"서울특별시",영등포구,문래동,1,209,1897,1,209,1897,-,-,-,-,-,-
"서울특별시",동작구,소계,9,669,51965,3,86,8197,5,475,39540,1,108,4228
"서울특별시",동작구,노량진2동,-,-,-,-,-,-,-,-,-,-,-,-
"서울특별시",동작구,상도1동,2,89,10093,1,16,2323,1,73,7770,-,-,-
"서울특별시",동작구,상도2동,-,-,-,-,-,-,-,-,-,-,-,-
"서울특별시",동작구,상도3동,2,160,11185,1,56,4076,1,104,7109,-,-,-
"서울특별시",동작구,상도4동,-,-,-,-,-,-,-,-,-,-,-,-
"서울특별시",동작구,사당1동,1,108,4228,-,-,-,-,-,-,1,108,4228
"서울특별시",동작구,사당3동,-,-,-,-,-,-,-,-,-,-,-,-
"서울특별시",동작구,사당4동,2,90,7377,1,14,1798,1,76,5579,-,-,-
"서울특별시",동작구,사당5동,-,-,-,-,-,-,-,-,-,-,-,-
"서울특별시",동작구,대방동,-,-,-,-,-,-,-,-,-,-,-,-
"서울특별시",동작구,신대방1동,-,-,-,-,-,-,-,-,-,-,-,-
"서울특별시",동작구,신대방2동,-,-,-,-,-,-,-,-,-,-,-,-
"서울특별시",동작구,흑석동,-,-,-,-,-,-,-,-,-,-,-,-
"서울특별시",동작구,노량진1동,1,82,8098,-,-,-,1,82,8098,-,-,-
"서울특별시",동작구,사당2동,1,140,10984,-,-,-,1,140,10984,-,-,-
"서울특별시",관악구,소계,16,998,78860,11,455,34707,4,343,27038,1,200,17115
"서울특별시",관악구,보라매동,-,-,-,-,-,-,-,-,-,-,-,-
"서울특별시",관악구,청림동,-,-,-,-,-,-,-,-,-,-,-,-
"서울특별시",관악구,행운동,-,-,-,-,-,-,-,-,-,-,-,-
"서울특별시",관악구,낙성대동,-,-,-,-,-,-,-,-,-,-,-,-
"서울특별시",관악구,중앙동,1,36,3406,1,36,3406,-,-,-,-,-,-
"서울특별시",관악구,인헌동,2,61,11810,1,7,2059,1,54,9751,-,-,-
"서울특별시",관악구,남현동,-,-,-,-,-,-,-,-,-,-,-,-
"서울특별시",관악구,서원동,1,200,17115,-,-,-,-,-,-,1,200,17115
"서울특별시",관악구,신원동,2,176,5714,1,57,2036,1,119,3678,-,-,-
"서울특별시",관악구,서림동,1,43,5053,1,43,5053,-,-,-,-,-,-
"서울특별시",관악구,신사동,2,125,7556,1,25,3778,1,100,3778,-,-,-
"서울특별시",관악구,신림동,-,-,-,-,-,-,-,-,-,-,-,-
"서울특별시",관악구,난향동,-,-,-,-,-,-,-,-,-,-,-,-
"서울특별시",관악구,조원동,2,210,15998,1,140,6167,1,70,9831,-,-,-
"서울특별시",관악구,대학동,-,-,-,-,-,-,-,-,-,-,-,-
"서울특별시",관악구,은천동,2,68,5137,2,68,5137,-,-,-,-,-,-
"서울특별시",관악구,성현동,-,-,-,-,-,-,-,-,-,-,-,-
"서울특별시",관악구,청룡동,1,51,3521,1,51,3521,-,-,-,-,-,-
"서울특별시",관악구,난곡동,1,11,1824,1,11,1824,-,-,-,-,-,-
"서울특별시",관악구,삼성동,1,17,1726,1,17,1726,-,-,-,-,-,-
"서울특별시",관악구,미성동,-,-,-,-,-,-,-,-,-,-,-,-
"서울특별시",서초구,소계,6,772,21400,2,118,6085,-,-,-,4,654,15315
"서울특별시",서초구,서초1동,-,-,-,-,-,-,-,-,-,-,-,-
"서울특별시",서초구,서초2동,-,-,-,-,-,-,-,-,-,-,-,-
"서울특별시",서초구,서초3동,-,-,-,-,-,-,-,-,-,-,-,-
"서울특별시",서초구,서초4동,-,-,-,-,-,-,-,-,-,-,-,-
"서울특별시",서초구,잠원동,-,-,-,-,-,-,-,-,-,-,-,-
"서울특별시",서초구,반포본동,-,-,-,-,-,-,-,-,-,-,-,-
"서울특별시",서초구,반포1동,-,-,-,-,-,-,-,-,-,-,-,-
"서울특별시",서초구,반포2동,-,-,-,-,-,-,-,-,-,-,-,-
"서울특별시",서초구,반포3동,4,654,15315,-,-,-,-,-,-,4,654,15315
"서울특별시",서초구,반포4동,-,-,-,-,-,-,-,-,-,-,-,-
"서울특별시",서초구,방배본동,1,84,4958,1,84,4958,-,-,-,-,-,-
"서울특별시",서초구,방배1동,-,-,-,-,-,-,-,-,-,-,-,-
"서울특별시",서초구,방배2동,-,-,-,-,-,-,-,-,-,-,-,-
"서울특별시",서초구,방배3동,-,-,-,-,-,-,-,-,-,-,-,-
"서울특별시",서초구,방배4동,-,-,-,-,-,-,-,-,-,-,-,-
"서울특별시",서초구,양재1동,1,34,1127,1,34,1127,-,-,-,-,-,-
"서울특별시",서초구,양재2동,-,-,-,-,-,-,-,-,-,-,-,-
"서울특별시",서초구,내곡동,-,-,-,-,-,-,-,-,-,-,-,-
"서울특별시",강남구,소계,10,1510,53953,4,369,9834,1,110,13100,5,1031,31019
"서울특별시",강남구,신사동,1,70,3690,1,70,3690,-,-,-,-,-,-
"서울특별시",강남구,논현1동,1,110,13100,-,-,-,1,110,13100,-,-,-
"서울특별시",강남구,논현2동,1,40,1215,1,40,1215,-,-,-,-,-,-
"서울특별시",강남구,삼성1동,-,-,-,-,-,-,-,-,-,-,-,-
"서울특별시",강남구,삼성2동,-,-,-,-,-,-,-,-,-,-,-,-
"서울특별시",강남구,대치1동,-,-,-,-,-,-,-,-,-,-,-,-
"서울특별시",강남구,대치4동,-,-,-,-,-,-,-,-,-,-,-,-
"서울특별시",강남구,역삼1동,2,255,12307,-,-,-,-,-,-,2,255,12307
"서울특별시",강남구,역삼2동,1,76,2620,-,-,-,-,-,-,1,76,2620
"서울특별시",강남구,도곡1동,-,-,-,-,-,-,-,-,-,-,-,-
"서울특별시",강남구,도곡2동,-,-,-,-,-,-,-,-,-,-,-,-
"서울특별시",강남구,개포1동,-,-,-,-,-,-,-,-,-,-,-,-
"서울특별시",강남구,개포4동,-,-,-,-,-,-,-,-,-,-,-,-
"서울특별시",강남구,일원본동,-,-,-,-,-,-,-,-,-,-,-,-
"서울특별시",강남구,일원1동,-,-,-,-,-,-,-,-,-,-,-,-
"서울특별시",강남구,일원2동,-,-,-,-,-,-,-,-,-,-,-,-
"서울특별시",강남구,수서동,-,-,-,-,-,-,-,-,-,-,-,-
"서울특별시",강남구,세곡동,-,-,-,-,-,-,-,-,-,-,-,-
"서울특별시",강남구,압구정동,1,84,2059,1,84,2059,-,-,-,-,-,-
"서울특별시",강남구,청담동,1,175,2870,1,175,2870,-,-,-,-,-,-
"서울특별시",강남구,대치2동,1,563,10092,-,-,-,-,-,-,1,563,10092
"서울특별시",강남구,개포2동,1,137,6000,-,-,-,-,-,-,1,137,6000
"서울특별시",송파구,소계,7,1019,161567,1,64,3871,5,603,111846,1,352,45850
"서울특별시",송파구,풍납1동,1,160,23670,-,-,-,1,160,23670,-,-,-
"서울특별시",송파구,풍납2동,-,-,-,-,-,-,-,-,-,-,-,-
"서울특별시",송파구,거여1동,-,-,-,-,-,-,-,-,-,-,-,-
"서울특별시",송파구,거여2동,-,-,-,-,-,-,-,-,-,-,-,-
"서울특별시",송파구,마천1동,-,-,-,-,-,-,-,-,-,-,-,-
"서울특별시",송파구,마천2동,2,199,18628,1,64,3871,1,135,14757,-,-,-
"서울특별시",송파구,방이1동,-,-,-,-,-,-,-,-,-,-,-,-
"서울특별시",송파구,방이2동,1,132,35625,-,-,-,1,132,35625,-,-,-
"서울특별시",송파구,오륜동,-,-,-,-,-,-,-,-,-,-,-,-
"서울특별시",송파구,오금동,-,-,-,-,-,-,-,-,-,-,-,-
"서울특별시",송파구,송파1동,-,-,-,-,-,-,-,-,-,-,-,-
"서울특별시",송파구,송파2동,-,-,-,-,-,-,-,-,-,-,-,-
"서울특별시",송파구,석촌동,1,60,17833,-,-,-,1,60,17833,-,-,-
"서울특별시",송파구,삼전동,-,-,-,-,-,-,-,-,-,-,-,-
"서울특별시",송파구,가락본동,-,-,-,-,-,-,-,-,-,-,-,-
"서울특별시",송파구,가락1동,-,-,-,-,-,-,-,-,-,-,-,-
"서울특별시",송파구,가락2동,-,-,-,-,-,-,-,-,-,-,-,-
"서울특별시",송파구,문정1동,1,352,45850,-,-,-,-,-,-,1,352,45850
"서울특별시",송파구,문정2동,-,-,-,-,-,-,-,-,-,-,-,-
"서울특별시",송파구,잠실본동,1,116,19961,-,-,-,1,116,19961,-,-,-
"서울특별시",송파구,잠실4동,-,-,-,-,-,-,-,-,-,-,-,-
"서울특별시",송파구,잠실6동,-,-,-,-,-,-,-,-,-,-,-,-
"서울특별시",송파구,잠실7동,-,-,-,-,-,-,-,-,-,-,-,-
"서울특별시",송파구,잠실2동,-,-,-,-,-,-,-,-,-,-,-,-
"서울특별시",송파구,잠실3동,-,-,-,-,-,-,-,-,-,-,-,-
"서울특별시",송파구,장지동,-,-,-,-,-,-,-,-,-,-,-,-
"서울특별시",송파구,위례동,-,-,-,-,-,-,-,-,-,-,-,-
"서울특별시",강동구,소계,8,997,31865,-,-,-,6,668,22639,2,329,9226
"서울특별시",강동구,강일동,-,-,-,-,-,-,-,-,-,-,-,-
"서울특별시",강동구,상일동,-,-,-,-,-,-,-,-,-,-,-,-
"서울특별시",강동구,명일1동,1,89,2075,-,-,-,1,89,2075,-,-,-
"서울특별시",강동구,명일2동,-,-,-,-,-,-,-,-,-,-,-,-
"서울특별시",강동구,고덕1동,-,-,-,-,-,-,-,-,-,-,-,-
"서울특별시",강동구,고덕2동,-,-,-,-,-,-,-,-,-,-,-,-
"서울특별시",강동구,암사2동,-,-,-,-,-,-,-,-,-,-,-,-
"서울특별시",강동구,암사3동,-,-,-,-,-,-,-,-,-,-,-,-
"서울특별시",강동구,천호1동,-,-,-,-,-,-,-,-,-,-,-,-
"서울특별시",강동구,천호3동,2,240,8768,-,-,-,1,81,2908,1,159,5860
"서울특별시",강동구,성내1동,1,170,3366,-,-,-,-,-,-,1,170,3366
"서울특별시",강동구,성내2동,1,96,2700,-,-,-,1,96,2700,-,-,-
"서울특별시",강동구,성내3동,1,123,3955,-,-,-,1,123,3955,-,-,-
"서울특별시",강동구,둔촌1동,-,-,-,-,-,-,-,-,-,-,-,-
"서울특별시",강동구,둔촌2동,-,-,-,-,-,-,-,-,-,-,-,-
"서울특별시",강동구,암사1동,1,120,5136,-,-,-,1,120,5136,-,-,-
"서울특별시",강동구,천호2동,-,-,-,-,-,-,-,-,-,-,-,-
"서울특별시",강동구,길동,1,159,5865,-,-,-,1,159,5865,-,-